Kode Wilayah,nama kota,Nama BPS,Alamat,Nomor Telepon/Faksimili,Alamat Email,tautan
1101,Kabupaten Simeulue,BPS Kabupaten Simeulue,"Jl. Tgk. Diujung, Desa Air Dingin, Sinabang",Telp (0650) 8001005,bps1101@bps.go.id,https://simeuluekab.bps.go.id
1102,Kabupaten Aceh Singkil,BPS Kabupaten Aceh Singkil,"Jl. H. Sayuthi No. 2, Pulo Sarok, Singkil",Telp/Fax (0658) 21268,bps1102@bps.go.id,https://acehsingkilkab.bps.go.id
1103,Kabupaten Aceh Selatan,BPS Kabupaten Aceh Selatan,"Jl. T. Ben Mahmud, Lhok Keutapang, Tapaktuan",Telp (0656) 21204,bps1103@bps.go.id,https://acehselatankab.bps.go.id
1104,Kabupaten Aceh Tenggara,BPS Kabupaten Aceh Tenggara,"Jl. T. Bedussamad No. 201, Kutacane",Telp (0629) 21020,bps1104@bps.go.id,https://acehtenggarakab.bps.go.id
1105,Kabupaten Aceh Timur,BPS Kabupaten Aceh Timur,"Jl. Banda Aceh-Medan Km 373, Idi, Aceh Timur",Telp (0646) 7008532,bps1105@bps.go.id,https://acehtimurkab.bps.go.id
1106,Kabupaten Aceh Tengah,BPS Kabupaten Aceh Tengah,"Jl. Pahlawan No. 690, Takengon, Aceh Tengah",Telp (0643) 21047,bps1106@bps.go.id,https://acehtengahkab.bps.go.id
1107,Kabupaten Aceh Barat,BPS Kabupaten Aceh Barat,"Jl. Sisingamangaraja No. 2, Meulaboh, Aceh Barat",Telp (0655) 7009023,bps1107@bps.go.id,https://acehbaratkab.bps.go.id
1108,Kabupaten Aceh Besar,BPS Kabupaten Aceh Besar,"Jl. Jenderal Sudirman No. 7, Kota Jantho 23911",Telp (0651) 92177,bps1108@bps.go.id,https://acehbesarkab.bps.go.id
1109,Kabupaten Pidie,BPS Kabupaten Pidie,"Jl. Prof A Majid Ibrahim, Sigli 24151",Telp/Fax (0653) 21201,bps1109@bps.go.id,https://pidiekab.bps.go.id
1110,Kabupaten Bireuen,BPS Kabupaten Bireuen,"Jl. Banda Aceh-Medan KM 216,5, Meunasah Blang, Kota Juang, Bireuen",Telp (0644) 8454005,bps1110@bps.go.id,https://bireuenkab.bps.go.id
1111,Kabupaten Aceh Utara,BPS Kabupaten Aceh Utara,"Jl. Banda Aceh-Medan KM 295,7, Desa Alue Drien No. 62, Landing Lhoksukon Barat, Aceh Utara",Telp (0645) 8454005,bps1111@bps.go.id,https://acehutarakab.bps.go.id
1112,Kabupaten Aceh Barat Daya,BPS Kabupaten Aceh Barat Daya,"Jl. Bukit Hijau, Komplek Perkantoran Abdyam, Blangpidie, Aceh Barat Daya",Telp (0659) 93179,bps1112@bps.go.id,https://acehbaratdayakab.bps.go.id
1113,Kabupaten Gayo Lues,BPS Kabupaten Gayo Lues,"Jl. Brigjend (Pol) Riduan Karim No. 34, Desa Sentang, Blangkejeren, Gayo Lues 24653",,bps1113@bps.go.id,https://gayolueskab.bps.go.id
1114,Kabupaten Aceh Tamiang,BPS Kabupaten Aceh Tamiang,Jl. Ir H Juanda Kampung Tanah Terban,Telp (0641) 332597,bps1114@bps.go.id,https://acehtamiangkab.bps.go.id
1117,Kabupaten Nagan Raya,BPS Kabupaten Nagan Raya,"Jl. Paduka yang Mulia Presiden Soekarno, Suka Makmue",Telp (0655) 755404,bps1117@bps.go.id,https://naganrayakab.bps.go.id
1116,Kabupaten Aceh Jaya,BPS Kabupaten Aceh Jaya,"Jl. Banda Aceh-Meulaboh KM 153, Dusun Kuala Meurisi, Gampong Keutapang, Aceh Jaya",Telp (0654) 2210057,bps1116@bps.go.id,https://acehjayakab.bps.go.id
1115,Kabupaten Bener Meriah,BPS Kabupaten Bener Meriah,"Jl. Bandara Rembele-Pante Raya, Wonosobo, Wih Pesam",Telp (0643) 8001034,bps1115@bps.go.id,https://benermeriahkab.bps.go.id
1118,Kabupaten Pidie Jaya,BPS Kabupaten Pidie Jaya,"Komplek Perkantoran Pemerintah Daerah Kabupaten Pidie Jaya, Rungkom, Meureudu",Telp (0625) 351284,bps1118@bps.go.id,https://pidiejayakab.bps.go.id
1171,Kota Banda Aceh,BPS Kota Banda Aceh,"Jl. Laksamana Malahayati KM 6,5, Desa Baet, Aceh Besar",Telp (0651) 7428345,bps1171@bps.go.id,https://bandaacehkota.bps.go.id
1172,Kota Sabang,BPS Kota Sabang,"Kuta Ateuh Jalan Teuku Umar No. 28, Kota Atas, Sukakarya, Kuta Ateueh, Sukakarya 23511",Telp (0652) 21346,bps1172@bps.go.id,https://sabangkota.bps.go.id
1173,Kota Langsa,BPS Kota Langsa,"Jl. Tgk Chik Ditunong No. 28, P.B.Tunong, Langsa",Telp (0641) 21277,bps1173@bps.go.id,https://langsakota.bps.go.id
1174,Kota Lhokseumawe,BPS Kota Lhokseumawe,"Jl. Tgk Chik Di Tiro No. 5, Lancang Garam, Lhokseumawe",Telp (0645) 47884,bps1174@bps.go.id,https://lhokseumawekota.bps.go.id
1175,Kota Subulussalam,BPS Kota Subulussalam,"Kompleks Perkantoran Walikota Subulussalam, Desa Lae Oram, Kota Subulussam",Telp (0627) 31750,bps1175@bps.go.id,https://subulussalamkota.bps.go.id
1201,Kabupaten Nias,BPS Kabupaten Nias,"Jl. Ampera No. 3, Gunungsitoli, Nias 22814",Telp (0639) 21646 Fax (0639) 21646,bps1201@bps.go.id,https://niaskab.bps.go.id
1202,Kabupaten Mandailing Natal,BPS Kabupaten Mandailing Natal,"Kompleks Perkantoran Payaloting, Penyabungan",Telp (0636) 326176 Fax (0636) 326176,bps1202@bps.go.id,https://mandailingnatalkab.bps.go.id
1203,Kabupaten Tapanuli Selatan,BPS Kabupaten Tapanuli Selatan,"Jl. Sisingamangaraja KM 5,6, Batu Nadua, Padang Sidimpuan 22736",Telp (0634) 25826 Fax (0634) 25776,bps1203@bps.go.id,https://tapanuliselatankab.bps.go.id
1204,Kabupaten Tapanuli Tengah,BPS Kabupaten Tapanuli Tengah,Jl. N. Daulay Pandan 22611,Telp (0631) 371082 Fax (0631) 371082,bps1204@bps.go.id,https://tapanulitengahkab.bps.go.id
1205,Kabupaten Tapanuli Utara,BPS Kabupaten Tapanuli Utara,"Jl. Sutan Sumurung No. 7 Tarutung, Tapanuli Utara 22417",Telp (0633) 21153 Fax (0633) 21755,bps1205@bps.go.id,https://tapanuliutarakab.bps.go.id
1206,Kabupaten Toba,BPS Kabupaten Toba Samosir,"Jl. Somba Debata No. 5, Onan Raja, Balige, Toba Samosir 22315",Telp (0632) 21480 Fax (0632) 322194,bps1206@bps.go.id,https://tobakab.bps.go.id
1207,Kabupaten Labuhan Batu,BPS Kabupaten Labuhan Batu,"Jl. Flamboyan No. 3, Kompleks Bupati, Rantauprapat",Telp (0624) 21207 Fax (0624) 21075,bps1207@bps.go.id,https://labuhanbatukab.bps.go.id
1208,Kabupaten Asahan,BPS Kabupaten Asahan,Jl. Tusam No. 2 Kisaran 21216,Telp (0623) 41731 Fax (0623) 347432,bps1208@bps.go.id,https://asahankab.bps.go.id
1209,Kabupaten Simalungun,BPS Kabupaten Simalungun,"Jl. Asahan KM 3,5 Pematangsiantar",Telp (0622) 7550253 Fax (0622) 7553191,bps1209@bps.go.id,https://simalungunkab.bps.go.id
1210,Kabupaten Dairi,BPS Kabupaten Dairi,Jl. Pelita No. 15 sidikalang 22212,Telp (0627) 21304 Fax (0627) 23759,bps1210@bps.go.id,https://dairikab.bps.go.id
1211,Kabupaten Karo,BPS Kabupaten Karo,Jl. Djamin Ginting No. 131 (Raya) Berastagi,Telp (0628) 92675 Fax (0628) 92851,bps1211@bps.go.id,https://karokab.bps.go.id
1212,Kabupaten Deli Serdang,BPS Kabupaten Deli Serdang,"Jl. Karya Utama Kompleks Pemkab, Deli Serdang, Lubuk Pakam 20514","Telp (061) 7951326, 7955111 Fax (061) 7951326",bps1212@bps.go.id,https://deliserdangkab.bps.go.id
1213,Kabupaten Langkat,BPS Kabupaten Langkat,"Jl. Tengku Putra Azis No. 1, Stabat 20814",Telp (061) 8910990 Fax (061) 8910223,bps1213@bps.go.id,https://langkatkab.bps.go.id
1214,Kabupaten Nias Selatan,BPS Kabupaten Nias Selatan,"Jl. Baloho Indah, Kecamatan Teluk Dalam, Nias Selatan 22856",Telp (0630) 7321139 Fax (0630) 7321179,bps1214@bps.go.id,https://niasselatankab.bps.go.id
1215,Kabupaten Humbang Hasundutan,BPS Kabupaten Humbang Hasundutan,"Jl. Bonan Dolok KM 3, Doloksanggul, Humbang Hasundutan 22457",Telp (0633) 31554 Fax (0633) 31667,bps1215@bps.go.id,https://humbanghasundutankab.bps.go.id
1216,Kabupaten Pakpak Bharat,BPS Kabupaten Pakphak Barat,Kompleks Panorama Indah Sindeka Salak 22272,Telp (0627) 7433065 Fax (0627) 7433092,bps1216@bps.go.id,https://pakpakbharatkab.bps.go.id
1217,Kabupaten Samosir,BPS Kabupaten Samosir,"Jl. Kompleks Perkantoran Pemkab Samosir Blok A, Desa Siopat Sosor Parbaba, Kec Pangururan 22392",Telp (0626) 2222490 Fax (0626) 2222491,bps1217@bps.go.id,https://samosirkab.bps.go.id
1218,Kabupaten Serdang Bedagai,BPS Kabupaten Serdang Bedagai,"Jl. Negara Medan-Tebing Tinggi, Kompleks Instansi Vertikal, Sei Rampah 20695",Telp (0621) 441805 Fax (0621) 441806,bps1218@bps.go.id,https://serdangbedagaikab.bps.go.id
1219,Kabupaten Batu Bara,BPS Kabupaten Batu Bara,"Jl. Lintas Sumatera Lk 5, Lima Puluh Kota 21255",Telp (0622) 697383 Fax (0622) 697383,bps1219@bps.go.id,https://batubarakab.bps.go.id
1220,Kabupaten Padang Lawas Utara,BPS Kabupaten Padang Lawas Utara,"Jl. Lintas Gunung Tua-Padangsidimpuan KM 4, Desa Sigama",Telp (0811) 6251220 Fax (0635) 510878,bps1220@bps.go.id,https://palutakab.bps.go.id
1221,Kabupaten Padang Lawas,BPS Kabupaten Padang Lawas,"Jl. Karya Pembangunan, Lingkungan VI, Sibuhuan",Telp (0636) 422114 Fax (0636) 422010,bps1221@bps.go.id,https://padanglawaskab.bps.go.id
,Kabupaten Labuhan Batu Selatan,,,,,https://labuhanbatuselatankab.bps.go.id
,Kabupaten Labuhan Batu Utara,,,,,https://labuhanbatuutarakab.bps.go.id
,Kabupaten Nias Utara,,,,,https://niasutarakab.bps.go.id
,Kabupaten Nias Barat,,,,,https://niasbaratkab.bps.go.id
1271,Kota Sibolga,BPS Kota Sibolga,"Jl. Tuanku Dorong Hutagalung No. 2, Sibolga",Telp (0631) 22082 Fax (0631) 25959,bps1271@bps.go.id,https://sibolgakota.bps.go.id
1272,Kota Tanjung Balai,BPS Kota Tanjung Balai,"Jl. Jend Sudirman 559 KM 4, Tanjungbalai 21369",Telp (0623) 597184 Fax (0623) 92004,bps1272@bps.go.id,https://tanjungbalaikota.bps.go.id
1273,Kota Pematang Siantar,BPS Kota Pematang Siantar,"Jl. Porsea No. 5, Pematangsiantar, Pematang Siantar",Telp (0622) 24495 Fax (0622) 24495,bps1273@bps.go.id,https://siantarkota.bps.go.id
1274,Kota Tebing Tinggi,BPS Kota Tebing Tinggi,"Jl. Gunung Leuser, Kompleks Pemko, Kota Tebing Tinggi",Telp (0621) 21733 Fax (0621) 21635,bps1274@bps.go.id,https://tebingtinggikota.bps.go.id
1275,Kota Medan,BPS Kota Medan,"Jl. Gaperta/Brigjen H Abdul Manaf Lubis No. 311, Medan",Telp (061) 8449285 Fax (061) 8449270,bps1275@bps.go.id,https://medankota.bps.go.id
1276,Kota Binjai,BPS Kota Binjai,Jl. WR Monginsidi No. 22 Binjai 20714,Telp (061) 8826571 Fax (061) 8821146,bps1276@bps.go.id,https://binjaikota.bps.go.id
1277,Kota Padangsidimpuan,BPS Kota Padang Sidimpuan,"Jl. HT Rizal Nurdin KM 7, Pal IV Pijarkoling, Padangsidimpuan",Telp (0634) 28775 Fax (0634) 28775,bps1277@bps.go.id,https://padangsidimpuankota.bps.go.id
1278,Kota Gunungsitoli,BPS Kota Gunung Sitoli,"Jl. Sutomo No. 1278, Desa Lasara Bahilli, Kec Gunungsitoli, Kota Gunungsitoli 22814",Telp/Fax (0639) 22558,bps1278@bps.go.id,https://gunungsitolikota.bps.go.id
1301,Kabupaten Kepulauan Mentawai,BPS Kabupaten Kepulauan Mentawai,"Jl. Raya Tapejat KM 10, Desa Bukit Pamewa, Kec. Sipora Utara, Kab. Kep Mentawai",Telp/Fax (0759) 320333,bps1301@bps.go.id,https://mentawaikab.bps.go.id
1302,Kabupaten Pesisir Selatan,BPS Kabupaten Pesisir Selatan,"Jl. Setia Budi Painan, Kab Pesisir Selatan",Telp/Fax (0756) 21004,bps1302@bps.go.id,https://pesselkab.bps.go.id
1303,Kabupaten Solok,BPS Kabupaten Solok,"Jl. Raya Solok Kota Padang KM 20, Kayu Aro, Kec Gunung Talang, Kab Solok",Telp (0755) 7334078 Fax (0755) 7334007,bps1303@bps.go.id,https://solokkab.bps.go.id
1304,Kabupaten Sijunjung,BPS Kabupaten Sijunjung,"Jl. Imam Bonjol Pasar Jumat, Muaro Sijunjung, Kab Sijunjung 27512",Telp/Fax (0754) 20015,bps1304@bps.go.id,https://sijunjungkab.bps.go.id
1305,Kabupaten Tanah Datar,BPS Kabupaten Tanah Datar,"Jl. Imam Bonjol No 17, Nagari Limo Kaum, Kec Lima Kaum 27213",Telp (0752) 71598 Fax (0752) 72593,bps1305@bps.go.id,https://tanahdatarkab.bps.go.id
1306,Kabupaten Padang Pariaman,BPS Kabupaten Padang Pariaman,"Jl. Imam Bonjol No 22, Kota Pariaman 25519",Telp (0751) 92699 Fax (0751) 92699,bps1306@bps.go.id,https://padangpariamankab.bps.go.id
1307,Kabupaten Agam,BPS Kabupaten Agam,"Jl. Veteran, Padang Baru, Lubuk Basung, Kab Agam 26415",Telp/Fax (0752) 76317,bps1307@bps.go.id,https://agamkab.bps.go.id
1308,Kabupaten Lima Puluh Kota,BPS Kabupaten Lima Puluh Kota,"Jl. Simpang Kompi C. No 26A, Sarilamak, Kab Lima Puluh Kota 26271","Telp (0752) 7750263, 7754299 Fax (0752) 7750263",bps1308@bps.go.id,https://limapuluhkotakab.bps.go.id
1309,Kabupaten Pasaman,BPS Kabupaten Pasaman,"Jl. Jend Sudirman No 66, Lubuk Sikaping 26311",Telp (0753) 20062 Fax (0753) 20914,bps1309@bps.go.id,https://pasamankab.bps.go.id
1310,Kabupaten Solok Selatan,BPS Kabupaten Solok Selatan,"Jl. Koto Tinggi Padang Aro, Kab Solok Selatan 27778",Telp (0755) 583315,bps1310@bps.go.id,https://solokselatankab.bps.go.id
1311,Kabupaten Dharmasraya,BPS Kabupaten Dhamasraya,"Jl. Lintas Sumatera KM 5, Sikabau, Kec Pulau Punjung, Kab Dharmasraya 27616",Telp (0754) 451548,bps1311@bps.go.id,https://dharmasrayakab.bps.go.id
1312,Kabupaten Pasaman Barat,BPS Kabupaten Pasaman Barat,Jl. Pertanian Padang Tujuah Pasaman Barat 26566,Telp (0753) 7465195 Fax (0753) 7465195,bps1312@bps.go.id,https://pasamanbaratkab.bps.go.id
1371,Kota Padang,BPS Kota Padang,"Jl. Raya Bypass KM 13, Sungai Sapih, Kec. Kuranji Padang, Kota Padang","Telp/Fax (0751) 498515, 497515",bps1371@bps.go.id,https://padangkota.bps.go.id
1372,Kota Solok,BPS Kota Solok,"Jl. Tembok Raya, Kel Nan Balimo, Kota Solok",Telp (0755) 325305,bps1372@bps.go.id,https://solokkota.bps.go.id
1373,Kota Sawah Lunto,BPS Kota Sawahlunto,"Jl. Bagindo Azis Chan, Kel. Aur Mulyo, Kec. Lembah Segar, Kota Sawahlunto",Telp/Fax (0754) 61049,bps1373@bps.go.id,https://sawahluntokota.bps.go.id
1374,Kota Padang Panjang,BPS Kota Padang Panjang,"Jl. Sutan Syahrir No 2, Silaing Bawah, Kota Padang Panjang",Telp/Fax (0752) 83089,bps1374@bps.go.id,https://padangpanjangkota.bps.go.id
1375,Kota Bukittinggi,BPS Kota Bukittinggi,"Jl. Perwira No 50, Belakang Balok, Bukittinggi 26136",Telp (0752) 21251 Fax (0752) 624629,bps1375@bps.go.id,https://bukittinggikota.bps.go.id
1376,Kota Payakumbuh,BPS Kota Payakumbuh,"Jl. Imam Bonjol No. 7, Kota Payakumbuh",Telp (0752) 92624 Fax (0752) 92264,bps1376@bps.go.id,https://payakumbuhkota.bps.go.id
1377,Kota Pariaman,BPS Kota Pariaman,"Jl. Sentot Alibasa, Jati Hilir, Kec. Pariaman Tengah, Kota Pariaman",Telp (0751) 93785,bps1377@bps.go.id,https://pariamankota.bps.go.id
1401,Kabupaten Kuantan Singingi,BPS Kabupaten Kuantan Singingi,"Jl. Roesdi S. Abrus No. 12, Teluk Kuantan",Telp/Fax (0760) 21190,bps1401@bps.go.id,https://kuansingkab.bps.go.id
1402,Kabupaten Indragiri Hulu,BPS Kabupaten Indragiri Hulu,"Jl. Batu Canai No.9, Kel. Pematang Reba, Indragiri Hulu",Telp/Fax (0769) 341285,bps1402@bps.go.id,https://inhukab.bps.go.id
1403,Kabupaten Indragiri Hilir,BPS Kabupaten Indragiri Hilir,"Jl. Bunga/Praja Sakti No. 11, Tembilahan 29212",Telp/Fax (0768) 22489,bps1403@bps.go.id,https://inhilkab.bps.go.id
1404,Kabupaten Pelalawan,BPS Kabupaten Pelalawan,"Jl. Tengku Said Jafar No. 6, Pangkalan Kerinci, Pelalawan 28300",Telp (0760) 7064336,bps1404@bps.go.id,https://pelalawankab.bps.go.id
1405,Kabupaten Siak,BPS Kabupaten Siak,"Komplek Perkantoran Sei Betung, Siak Sri Indrapura",Telp (0764) 8001052,bps1405@bps.go.id,https://siakkab.bps.go.id
1406,Kabupaten Kampar,BPS Kabupaten Kampar,"Jl. H. R. Soebrantas Siswanto No. 82, Bangkinang 28412",Telp/Fax (0762) 20046,bps1406@bps.go.id,https://kamparkab.bps.go.id
1407,Kabupaten Rokan Hulu,BPS Kabupaten Rokan Hulu,"Jl. Kelompok Tani No. 7, Desa Pematang Berangan, Kec. Rembah Pasir Pengaraian 28557",Telp/Fax (0762) 7392150,bps1407@bps.go.id,https://rohulkab.bps.go.id
1408,Kabupaten Bengkalis,BPS Kabupaten Bengkalis,"Jl. Antara No. 439, Bengkalis",Telp/Fax (0766) 21062,bps1408@bps.go.id,https://bengkaliskab.bps.go.id
1409,Kabupaten Rokan Hilir,BPS Kabupaten Rokan Hilir,Jl. Utama No. 21B Bagansiapiapi 28912,Telp/Fax (0767) 21217,bps1409@bps.go.id,https://rohilkab.bps.go.id
1410,Kabupaten Kepulauan Meranti,BPS Kabupaten Kepulauan Meranti,"Jl. Dorak, Selatpanjang",Telp (0763) 33553,bps1410@bps.go.id,https://merantikab.bps.go.id
1471,Kota Pekanbaru,BPS Kota Pekanbaru,"Jl. Rawa Indah, Kel. Sidomulyo Timur, Pekanbaru",Telp/Fax (0761) 34220,bps1471@bps.go.id,https://pekanbarukota.bps.go.id
1472,Kota Dumai,BPS Kota Dumai,Jl. Tuanku Tambusai Dumai 28882,Telp (0765) 440711 Fax (0765) 440712,bps1472@bps.go.id,https://dumaikota.bps.go.id
1501,Kabupaten Kerinci,BPS Kabupaten Kerinci,"Jl. Muradi, Koto Keras, Kec. Pesisir Bukit, Kota Sungai Penuh, Jambi 37113",Telp (0748) 21085,bps1501@bps.go.id,https://kerincikab.bps.go.id
1502,Kabupaten Merangin,BPS Kabupaten Merangin,"Jl. Pangeran Tumanggung, Bangko",Telp (0746) 21088,bps1502@bps.go.id,https://meranginkab.bps.go.id
1503,Kabupaten Sarolangun,BPS Kabupaten Sarolangun,"Jl. Komplek Perkantoran Gunung Kembang, Sarolangun",Telp (0745) 91796,bps1503@bps.go.id,https://sarolangunkab.bps.go.id
1504,Kabupaten Batang Hari,BPS Kab.Batang Hari,"Jl. Jenderal Sudirman Muara Bulan, Jambi 36613",Telp/Fax (0743) 21008,bps1504@bps.go.id,https://batangharikab.bps.go.id
1505,Kabupaten Muaro Jambi,BPS Kabupaten Muaro Jambi,"Komplek Perkantoran Pemda Muaro Jambi, Bukit Cinto Kenang Sengeti",Telp/Fax (0741) 590110,bps1505@bps.go.id,https://muarojambikab.bps.go.id
1506,Kabupaten Tanjung Jabung Timur,BPS Kabupaten Tanjung Jabung Timur,"Komplek Perkantoran Pemkab Tanjung Jabung Timur, Bukit Menderang Rano, Muara Sabak",Telp (0740) 7370043 Fax (0740) 7370044,bps1506@bps.go.id,https://tanjabtimkab.bps.go.id
1507,Kabupaten Tanjung Jabung Barat,BPS Kabupaten Tanjung Jabung Barat,"Jl. Prof. Dr. Sri Soedewi MS, SH. Kuala Tungkal, Jambi",Telp (0742) 21378,bps1507@bps.go.id,https://tanjabbarkab.bps.go.id
1508,Kabupaten Tebo,BPS Kabupaten Tebo,"Jl. Lintas Tebo-Bungo KM 12, Komplek Perkantoran Pemda Tebo, Muara Tebo",Telp (0744) 21261,bps1508@bps.go.id,https://tebokab.bps.go.id
1509,Kabupaten Bungo,BPS Kabupaten Bungo,"Jl. R.M. Thaher, Kel. Cadika, Kec. Rimbo Tengah, Bungo 37214",Telp/Fax (0747) 21120,bps1509@bps.go.id,https://bungokab.bps.go.id
1571,Kota Jambi,BPS Kota Jambi,"Jl. Basuki Rachmat, Kota Jambi, Jambi 38128",Telp (0741) 40539,bps1571@bps.go.id,https://jambikota.bps.go.id
1572,Kota Sungai Penuh,BPS Kota Sungai Penuh,"Jl. Basuki Rahmat, Kota Sungai Penuh, Jambi 37111",Telp/Fax (0748) 23308,bps1572@bps.go.id,https://sungaipenuhkota.bps.go.id
1601,Kabupaten Ogan Komering Ulu,BPS Kabupaten Ogan Komering Ulu,"Jl. Dr. Moh. Hatta No. 987A Kel. Kemala Raja, Kec. Baturaja Timur, Kab. Ogan Komering Ulu",Telp/Fax (0735) 320259,bps1601@bps.go.id,https://okukab.bps.go.id
1602,Kabupaten Ogan Komering Ilir,BPS Kabupaten Ogan Komering Ilir,"Jl. Kapten H. Sulaiman Raden Anom (Lintas Sumatera), Kel. Jua-Jua, Kota Kayuagung 30616",Telp/Fax (0712) 321015,bps1602@bps.go.id,https://okikab.bps.go.id
1603,Kabupaten Muara Enim,BPS Kabupaten Muara Enim,"Jl. Bambang Utoyo No. 44, Muara Enim",Telp/Fax (0734) 421088,bps1603@bps.go.id,https://muaraenimkab.bps.go.id
1604,Kabupaten Lahat,BPS Kabupaten Lahat,"Jl. Bandar Jaya Lingkungan III, Kel. Bandar Jaya, Kab. Lahat",Telp/Fax (0731) 321416,bps1604@bps.go.id,https://lahatkab.bps.go.id
1605,Kabupaten Musi Rawas,BPS Kabupaten Musi Rawas,Komplek Perkantoran Pemkab Musi Rawas Agropolitan Center,Telp/Fax (0733) 4540088,bps1605@bps.go.id,https://musirawaskab.bps.go.id
1606,Kabupaten Musi Banyuasin,BPS Kabupaten Musi Banyuasin,"Jl. Merdeka No.531, Kayu Ara, Sekayu, Kabupaten Musi Banyuasin, Sumatera Selatan 30711",Telp/Fax (0714) 321023,bps1606@bps.go.id,https://musibanyuasinkab.bps.go.id
1607,Kabupaten Banyu Asin,BPS Kabupaten Banyuasin,"Komplek Perkantoran Kabupaten Banyuasin, Jl Lingkar Sekojo",Telp/Fax (0711) 7690067,bps1607@bps.go.id,https://banyuasinkab.bps.go.id
1608,Kabupaten Ogan Komering Ulu Selatan,BPS Ogan Komering Ulu Selatan,"Jl. Raya Ranau KM 7,5, Muaradua 32171",Telp/Fax (0735) 591006,bps1608@bps.go.id,https://okuselatankab.bps.go.id
1609,Kabupaten Ogan Komering Ulu Timur,BPS Kabupaten Ogan Komering Ulu Timur,"Jl. Adiwiyata KM 7 (SP Lingot), Kota Baru Selatan, Martapura 32181",Telp/Fax (0735) 481606,bps1609@bps.go.id,https://okutimurkab.bps.go.id
1610,Kabupaten Ogan Ilir,BPS Kabupaten Ogan Ilir,"Jl. Palembang-Prabumulih KM 33, Desa Tanjung Pering, Indralaya 30813",Telp/Fax (0711) 581713,bps1610@bps.go.id,https://oganilirkab.bps.go.id
1611,Kabupaten Empat Lawang,BPS Kabupaten Empat Lawang,"Jl. Lintas Sumatera No. 35, Kec. Tinggi, Kab. Empat Lawang",Telp/Fax (0702) 21674,bps1611@bps.go.id,https://empatlawangkab.bps.go.id
1612,Kabupaten Penukal Abab Lematang Ilir,BPS Penukal Abab Lematang Ilir,"Jl. Bambang Utoyo No. 44, Muara Enim",Telp/Fax (0734) 421088,bps1612@bps.go.id,https://palikab.bps.go.id
1613,Kabupaten Musi Rawas Utara,BPS Musi Rawas Utara,Komplek Perkantoran Pemkab Musi Rawas Agropolitan Center,Telp/Fax (0733) 4540088,bps1605@bps.go.id,https://muratarakab.bps.go.id
1671,Kota Palembang,BPS Kota Palembang,"Jl. P. A. K. Abdul Rohim RT 21 RW 8 No. 2, Kel. Talang Semut, Palembang 30145",Telp/Fax (0711) 352184,bps1671@bps.go.id,https://palembangkota.bps.go.id
1672,Kota Prabumulih,BPS Kota Prabumulih,"Jl. Jend. Sudirman No. 60, Prabumulih 31142",Telp/Fax (0713) 3920031,bps1672@bps.go.id,https://prabumulihkota.bps.go.id
1673,Kota Pagar Alam,BPS Kota Pagar Alam,"Komplek Perkantoran Gunung Gare, Jl. Laskar Wanita Mentarjo, Kota Pagar Alam",Telp/Fax (0730) 623511,bps1673@bps.go.id,https://pagaralamkota.bps.go.id
1674,Kota Lubuklinggau,BPS Kota Lubuk Linggau,"Jl. Perumdam No. 1, Kel. Lubuk Tanjung, Lubuk Linggau",Telp/Fax (0733) 3236930,bps1674@bps.go.id,https://lubuklinggaukota.bps.go.id
1701,Kabupaten Bengkulu Selatan,BPS Kabupaten Bengkulu Selatan,JL. PANGERAN DUAYU MANNA 38651,Telp. (0739) 21048 Fax. (0739) 21048,bps1701@bps.go.id,https://bengkuluselatankab.bps.go.id
1702,Kabupaten Rejang Lebong,BPS Kabupaten Rejang Lebong,JL. SUKOWATI CURUP 39114,Telp. (0732) 21153 Fax. (0732) 24588,bps1702@bps.go.id,https://rejanglebongkab.bps.go.id
1703,Kabupaten Bengkulu Utara,BPS Kabupaten Bengkulu Utara,JL. PROF. M. YAMIN ARGA MAKMUR 38651,Telp. (0737) 521016 Fax. (0737) 521016,bps1703@bps.go.id,https://bengkuluutarakab.bps.go.id
1704,Kabupaten Kaur,BPS Kabupaten Kaur,"JL PELTU M. ILYAS T. Panji Alam, Kompleks Perkantoran Pemkab Kaur, Padang Kempas Bintuhan",Telp. (0739) 6180009 Fax. (0739) 6180002,bps1704@bps.go.id,https://kaurkab.bps.go.id
1705,Kabupaten Seluma,BPS Kabupaten Seluma,"Jl. RA Kartini Kelurahan Napal, Kec. Seluma",Telp. (0736) 9150007,bps1705@bps.go.id,https://selumakab.bps.go.id
1706,Kabupaten Mukomuko,BPS Kabupaten Mukomuko,KOMPLK. PERKANTORAN PEMDA MUKOMUKO KEL. BANDAR RATU,Telp. (0737) 71633 Fax. (0737) 71633,bps1706@bps.goid,https://mukomukokab.bps.go.id
1707,Kabupaten Lebong,BPS Kabupaten Lebong,"Jl. Jalur 2 Komplek Perkantoran Tubei, Lebong",Telp. (0738) 2200032,bps1707@bps.go.id,https://lebongkab.bps.go.id
1708,Kabupaten Kepahiang,BPS Kabupaten Kepahiang,JL. LINTAS KEPAHIANG KOPLK PERKANTORAN PEMDA KEPAHIANG,Telp. (0732) 3930009 Fax. (0732) 3930009,bps1708@bps.go.id,https://kepahiangkab.bps.go.id
1709,Kabupaten Bengkulu Tengah,BPS Kabupaten Bengkulu Tengah (Benteng),"Jl. Bengkulu-Kepahiang KM 12 Desa Kembang Seri, Kec. Talang Empat",Telp. (0736) 7321658,bps1709@bps.go.id,https://bengkulutengahkab.bps.go.id
1771,Kota Bengkulu,BPS Kota Bengkulu,JL. S. PARMAN NO. 89 PADANG JATI BENGKULU 38227,Telp. (0736) 21876 Fax. (0736) 344775,bps1771@bps.go.id,https://bengkulukota.bps.go.id
1801,Kabupaten Lampung Barat,BPS Kabupaten Lampung Barat,"Jl. Mawar No. 2, Way Mangaku, Liwa, Lampung Barat 34512",Telp/Fax (0728) 21146,bps1801@bps.go.id,https://lampungbaratkab.bps.go.id
1802,Kabupaten Tanggamus,BPS Kabupaten Tanggamus,"Jl. Ir. Juanda, Kota Agung, Tanggamus 35384",Telp/Fax (0722) 21893,bps1802@bps.go.id,https://tanggamuskab.bps.go.id
1803,Kabupaten Lampung Selatan,BPS Kabupaten Lampung Selatan,"Jl. Mustafa Kemal No. 24, Kalianda, Lampung Selatan 35513",Telp (0727) 322241,bps1803@bps.go.id,https://lampungselatankab.bps.go.id
1804,Kabupaten Lampung Timur,BPS Kabupaten Lampung Timur,"Jl. Lintas Timur, Desa Mataram Marga, Kec. Sukadana, Lampung Timur 39194",Telp/Fax (0725) 7660014,bps1804@bps.go.id,https://lampungtimurkab.bps.go.id
1805,Kabupaten Lampung Tengah,BPS Kabupaten Lampung Tengah,"Jl. Hanura, Kec. Gunung Sugih, Kab. Lampung Tengah",Telp/Fax (0725) 529725,bps1805@bps.go.id,https://lampungtengahkab.bps.go.id
1806,Kabupaten Lampung Utara,BPS Kabupaten Lampung Utara,"Jl. Soekarno Hatta No. 218, Tanjung Harapan, Kotabumi Selatan, Lampung Utara 34511",Telp/Fax (0724) 21093,bps1806@bps.go.id,https://lampungutarakab.bps.go.id
1807,Kabupaten Way Kanan,BPS Kabupaten Way Kanan,"Komplek Perkantoran Pemda KM 2 No. 34, Blambangan Umpu",Telp/Fax (0723) 461296,bps1807@bps.go.id,https://waykanankab.bps.go.id
1808,Kabupaten Tulangbawang,BPS Kabupaten Tulang Bawang,"Jl. Cemara No. 285, Menggala Selatan","Telp (0726) 7575406, 7575407 Fax (0726) 21413",bps1808@bps.go.id,https://tulangbawangkab.bps.go.id
1809,Kabupaten Pesawaran,BPS Kabupaten Pesawaran,"Jl. Ahmad Yani No. 119, Kutoarjo, Kec. Gedung Tataan, Kab. Pesawaran 35371",Telp/Fax (0721) 94711,bps1809@bps.go.id,https://pesawarankab.bps.go.id
1810,Kabupaten Pringsewu,BPS Kabupaten Pringsewu,"Jl. Raya Gading Rejo KM 33, Wonodado, Gading Rejo 35372",Telp/Fax (0729) 333237,bps1810@bps.go.id,https://pringsewukab.bps.go.id
1811,Kabupaten Mesuji,BPS Mesuji,"Jl. Jendral Sudirman No. 10, Samping Radio Mutiara, Simpang Pematang, Mesuji",Telp 087886546219,bps1811@bps.go.id,https://mesujikab.bps.go.id
1812,Kabupaten Tulang Bawang Barat,BPS Kabupaten Tulang Bawang Barat,"Jl. Brawijaya No. 278, Panaragan Jaya, Kec. Tulang Bawang Tengah, Kab. Tulang Bawang Barat",Telp/Fax (0725) 7578141,bps1812@bps.go.id,https://tubabakab.bps.go.id
1813,Kabupaten Pesisir Barat,BPS Pesisir Barat,"Jl. Mawar No. 2, Way Mangaku, Liwa, Lampung Barat 34512",Telp/Fax (0728) 21146,bps1801@bps.go.id,https://pesisirbaratkab.bps.go.id
1871,Kota Bandar Lampung,BPS Kota Bandar Lampung,"Jl. Sutan Syahrir No. 30, Pahoman, Bandar Lampung 35213",Telp/Fax (0721) 255980,bps1871@bps.go.id,https://bandarlampungkota.bps.go.id
1872,Kota Metro,BPS Kota Metro,"Jl. AR Prawiranegara, Kauman, Kota Metro",Telp/Fax (0725) 41758,bps1872@bps.go.id,https://metrokota.bps.go.id
1901,Kabupaten Bangka,BPS Kabupaten Bangka,"Jl. Ahmad Yani (Jalur Dua), Sungailiat 33215",Telp/Fax (0717) 92492,bps1901@bps.go.id,https://bangkakab.bps.go.id
1902,Kabupaten Belitung,BPS Kabupaten Belitung,"Jl. Hasan Basri No. 16, Tanjung Pandan, Belitung 33412",Telp (0719) 21065 Fax (0719) 21551,bps1902@bps.go.id,https://belitungkab.bps.go.id
1903,Kabupaten Bangka Barat,BPS Kabupaten Bangka Barat,"Komplek Perkantoran Pemerintah Kabupaten Bangka Barat, Kp. Daya Baru, Pal 4 Muntok","Telp (0716) 7323066, 7323067 Fax (0716) 7323068",bps1903@bps.go.id,https://bangkabaratkab.bps.go.id
1904,Kabupaten Bangka Tengah,BPS Kabupaten Bangka Tengah,"Komplek Perkantoran Pemkab Bangka Tengah, Jl. Raya Bypass Koba 33681",Telp (0718) 7362084 Fax (0718) 7362085,bps1904@bps.go.id,https://bangkatengahkab.bps.go.id
1905,Kabupaten Bangka Selatan,BPS Kabupaten Bangka Selatan,"Komplek Perkantoran Terpadu Kab. Bangka Selatan, Gunung Namak Toboali 33183",Telp/Fax (0718) 4220039,bps1905@bps.go.id,https://bangkaselatankab.bps.go.id
1906,Kabupaten Belitung Timur,BPS Kabupaten Belitung Timur,"Jl. Raya Manggarawan, Desa Padang Manggar, Kep. Bangka Belitung","Telp (0719) 9220090, 9220091",bps1906@bps.go.id,https://belitungtimurkab.bps.go.id
1971,Kota Pangkal Pinang,BPS Kota Pangkalpinang,"Jl. Komodor Yos Sudarso, Pangkal Balam, Pangkalpinang","Telp (0717) 422825, 436081 Fax (0717) 422825",bps1971@bps.go.id,https://pangkalpinangkota.bps.go.id
2101,Kabupaten Karimun,BPS Kabupaten Karimun,Jl. Sudirman (Poros) Komplek Pemkab Karimun,Telp/Fax (0777) 7366027,bps2101@bps.go.id,https://karimunkab.bps.go.id
2102,Kabupaten Bintan,BPS Kabupaten Bintan,"Jl. Tata Bumi Ceruk Ijuk Toapaya Asri, Kec. Toapaya, Tanjungpinang",Telp (0771) 21723,bps2102@bps.go.id,https://bintankab.bps.go.id
2103,Kabupaten Natuna,BPS Kabupaten Natuna,"Jl. H.R. Soebrantas Sual RT 01 RW 06, Ranai, Bunguran Timur, Kab. Natuna 29783",Telp (0773) 31370,bps2103@bps.go.id,https://natunakab.bps.go.id
2104,Kabupaten Lingga,BPS Kabupaten Lingga,Jl. Istana Robat Daik-Lingga (Komplek Perkantoran Pemkab Lingga/ Samping Gedung DPRD Kab Lingga),,bps2104@bps.go.id,https://linggakab.bps.go.id
2105,Kabupaten Kepulauan Anambas,BPS Kabupaten Kepulauan Anambas,"Jl. Pemuda Kelurahan Tarempa, Kec. Siantan Tarempa 29791",,bps2105@bps.go.id,https://anambaskab.bps.go.id
2171,Kota Batam,BPS Kota Batam,"Jl. Raja Ali Kelana Batam Center, Kota Batam",Telp (0778) 7433299,bps2171@bps.go.id,https://batamkota.bps.go.id
2172,Kota Tanjung Pinang,BPS Kota Tanjungpinang,"Jl. W.R. Supratman No. 01 KM X, Kota Tanjungpinang, Prov. Kepulauan Riau 29125",Telp (0771) 4442004,bps2172@bps.go.id,https://tanjungpinangkota.bps.go.id
3101,Kabupaten Kepulauan Seribu,BPS Kabupaten Kepulauan Seribu,"Jl. Cempaka Putih Tengah XIV No.10B, RT.8/RW.5, Cempaka Putih Timur, Cempaka Putih, Kota Jakarta Pusat 10510",Telp. (021) 42887113 Fax. (021 ) 42887113,bps3101@bps.go.id,https://kepulauanseribukab.bps.go.id
3171,Kota Jakarta Selatan,BPS Kota Administrasi Jakarta Selatan,"Kantor Walikota Jakarta Selatan Jl. Prapanca Raya No. 9 Blok A Lt 15, Kebayoran Baru, Jakarta Selatan 12170",Telp. (021) 72792576 Fax. (021) 72789306,bps3171@bps.go.id,https://jakselkota.bps.go.id
3172,Kota Jakarta Timur,BPS Kota Administrasi Jakarta Timur,"Kantor Walikota Jakarta Timur Jl. Dr. Sumarno No. 1 Blok D Lt 11, Jakarta Timur",Telp. (021) 4802359 Fax. (021) 4804625,bps3172@bps.go.id,https://jaktimkota.bps.go.id
3173,Kota Jakarta Pusat,BPS Kota Administrasi Jakarta Pusat,"Kantor Walikota Jakarta Pusat Jl. Tanah Abang I No. 1 Blok C Lt. 5, Jakarta Pusat",Telp. (021) 38430268 Fax. (021) 3519238,bps3173@bps.go.id,https://jakpuskota.bps.go.id
3174,Kota Jakarta Barat,BPS Kota Administrasi Jakarta Barat,"Kantor Walikota Jakarta Barat Jl. Raya Kembangan No. 2 Blok B Lt 7, Jakarta Barat 11610",Telp. (021) 58356244 Fax. (021) 58356244,bps3174@bps.go.id,https://jakbarkota.bps.go.id
3175,Kota Jakarta Utara,BPS Kota Administrasi Jakarta Utara,"Kantor Walikota Jakarta Utara Jl. Yos Sudarso No. 27-29 Blok P Lt. 12, Tanjung Priok, Jakarta Utara",Telp. (021) 4353936 Fax. (021) 4353936,bps3175@bps.go.id,https://jakutkota.bps.go.id
3201,Kabupaten Bogor,BPS Kabupaten Bogor,"Jl. Bersih, Komplek Perkantoran Pemda Kab. Bogor, Cibinong 16911",Telp (021) 8751070,bps3201@bps.go.id,https://bogorkab.bps.go.id
3202,Kabupaten Sukabumi,BPS Kabupaten Sukabumi,"Jl. Raya Karang Tengah KM 14 No. 52, Cibadak, Sukabumi 43152",Telp (0256) 536953 Fax (0266) 536949,bps3202@bps.go.id,https://sukabumikab.bps.go.id
3203,Kabupaten Cianjur,BPS Kabupaten Cianjur,"Jl. Perintis Kemerdekaan No. 3, Cianjur 43251",Telp (0263) 264762,bps3203@bps.go.id,https://cianjurkab.bps.go.id
3204,Kabupaten Bandung,BPS Kabupaten Bandung,"Jl. Raya Soreang KM 17, Komplek Pemda Kab. Bandung",Telp (022) 5895905 Fax (022) 5880882,bps3204@bps.go.id,https://bandungkab.bps.go.id
3205,Kabupaten Garut,BPS Kabupaten Garut,"Jl. Pembangunan No. 222, Tarogong, Garut 44151",Telp (0262) 233273,bps3205@bps.go.id,https://garutkab.bps.go.id
3206,Kabupaten Tasikmalaya,BPS Kabupaten Tasikmalaya,"Jl. Raya Timur KM 4, Cintaraja, Singaparna, Tasikmalaya",Telp (0265) 334746 Fax (0265) 327074,bps3206@bps.go.id,https://tasikmalayakab.bps.go.id
3207,Kabupaten Ciamis,BPS Kabupaten Ciamis,"Jl. RAA Kusumahsubrata, Komplek Perkantoran Kertasari, Ciamis 46213",Telp/Fax (0265) 771322,bps3207@bps.go.id,https://ciamiskab.bps.go.id
3208,Kabupaten Kuningan,BPS Kabupaten Kuningan,"Jl. RE Martadinata No. 66, Cijoho, Kuningan 45511",Telp/Fax (0232) 871662,bps3208@bps.go.id,https://kuningankab.bps.go.id
3209,Kabupaten Cirebon,BPS Kabupaten Cirebon,"Jl. Sunan Kalijaga No. 4, Sumber, Cirebon 45611",Telp/Fax (0231) 321445,bps3209@bps.go.id,https://cirebonkab.bps.go.id
3210,Kabupaten Majalengka,BPS Kabupaten Majalengka,"Jl. Gerakan Koperasi 39, Majalengka 45411",Telp/Fax (0233) 281055,bps3210@bps.go.id,https://majalengkakab.bps.go.id
3211,Kabupaten Sumedang,BPS Kabupaten Sumedang,"Jl. Karapyak No. 61, Sumedang 45323",Telp/Fax (0261) 201504,bps3211@bps.go.id,https://sumedangkab.bps.go.id
3212,Kabupaten Indramayu,BPS Kabupaten Indramayu,"Jl. Golf No. 4, Indramayu 45213",Telp/Fax (0234) 272880,bps3212@bps.go.id,https://indramayukab.bps.go.id
3213,Kabupaten Subang,BPS Kabupaten Subang,Jl. Aipda KS Tubun No. 12 Subang 41211,Telp/Fax (0260) 411101,bps3213@bps.go.id,https://subangkab.bps.go.id
3214,Kabupaten Purwakarta,BPS Kabupaten Purwakarta,Jl. Baru Maracang Rt. 001/ Rw. 01 Purwakarta 41151,Telp/Fax (0264) 201960,bps3214@bps.go.id,https://purwakartakab.bps.go.id
3215,Kabupaten Karawang,BPS Kabupaten Karawang,Jl. Cakradireja No.36 Karawang 41312,Telp/Fax (0267) 402250,bps3215@bps.go.id,https://karawangkab.bps.go.id
3216,Kabupaten Bekasi,BPS Kabupaten Bekasi,"Komplek Perkantoran PEMDA Kabupaten Bekasi, Kota Delta Mas Sukamahi Cikarang Pusat, Bekasi",Telp/Fax (021) 89970329,bps3216@bps.go.id,https://bekasikab.bps.go.id
3217,Kabupaten Bandung Barat,BPS Kabupaten Bandung Barat,"Jl. Raya Cimareme No.119 Padalarang, Bandung Barat",Telp/Fax (022) 6620715,bps3217@bps.go.id,https://bandungbaratkab.bps.go.id
,Kabupaten Pangandaran,,,,,https://pangandarankab.bps.go.id
3271,Kota Bogor,BPS Kota Bogor,Jl. Layungsari III No. 13 Bogor 16132,Telp/Fax (0251) 89970329,bps3271@bps.go.id,https://bogorkota.bps.go.id
3272,Kota Sukabumi,BPS Kota Sukabumi,Jl. Selabintana No. 14 Sukabumi 43113,Telp (0266) 221926,bps3272@bps.go.id,https://sukabumikota.bps.go.id
3273,Kota Bandung,BPS Kota Bandung,Jl. Jend. Gatot Subroto No. 93 Bandung 40273,Telp/Fax (0266) 7305091,bps3273@bps.go.id,https://bandungkota.bps.go.id
3274,Kota Cirebon,BPS Kota Cirebon,"Jl. Sekar Kemuning I -Evakuasi, Kota Cirebon",Telp (0231) 485524,bps3274@bps.go.id,https://cirebonkota.bps.go.id
3275,Kota Bekasi,BPS Kota Bekasi,"Jl. Rawa Tembaga I No. 6, Bekasi 17141",Telp/Fax (021) 8855877,bps3275@bps.go.id,https://bekasikota.bps.go.id
3276,Kota Depok,BPS Kota Depok,"Jl. Boulevard Sektor Anggrek, Grand Depok City Kel. Kalimulya, Kec.Cilodong, Depok",Telp (021) 7710370 Fax (021) 77825913,bps3276@bps.go.id,https://depokkota.bps.go.id
3277,Kota Cimahi,BPS Kota Cimahi,"Jl. Entjep Kartawiria No. 20B Kel. Citeureup, Kec. Cimahi Utara, Kota Cimahi",Telp/Fax. (022) 6645985,bps3277@bps.go.id,https://cimahikota.bps.go.id
3278,Kota Tasikmalaya,BPS Kota Tasikmalaya,Jl. Sukarindik No. 71 Kel Panyingkiran Kec. Indihiang Tasikmalaya,Telp (0265) 346022 Fax. (0265) 346030,bps3278@bps.go.id,https://tasikmalayakota.bps.go.id
3279,Kota Banjar,BPS Kota Banjar,"Jl. Peta Desa Balokang Kec. Banjar, Kota Banjar",Telp/Fax (0265) 744104,bps3279@bps.go.id,https://banjarkota.bps.go.id
3301,Kabupaten Cilacap,BPS Kab. Cilacap,Jl. Dr. Soetomo no 16A Cilacap,(0282) 534328,(0282) 535011,https://cilacapkab.bps.go.id
3302,Kabupaten Banyumas,BPS Kab. Banyumas,"Jl. Warga Bhakti No. 5, Purwokerto 53114 Telp. (0281) 635496",(0281) 635496,(0281) 624865,https://banyumaskab.bps.go.id
3303,Kabupaten Purbalingga,BPS Kab. Purbalingga,"Jl. Letjen S. Parman No. 48, Purbalingga 53317",(0281) 891179,(0281) 891179,https://purbalinggakab.bps.go.id
3304,Kabupaten Banjarnegara,BPS Kab. Banjarnegara,"Jl. Selamanik No. 33, Banjarnegara 53415",(0286) 591893,(0286) 592816,https://banjarnegarakab.bps.go.id
3305,Kabupaten Kebumen,BPS Kab. Kebumen,"Jl. Arungbinang No. 17 A, Kebumen 54311",(0287) 381163,(0287) 381163,https://kebumenkab.bps.go.id
3306,Kabupaten Purworejo,BPS Kab. Purworejo,"Jl Banyuurip , Purworejo",0275) 321218,0275) 321218,https://purworejokab.bps.go.id
3307,Kabupaten Wonosobo,BPS Kab. Wonosobo,"Jl. Bambang Sugeng Km 2,2 Wonosobo",(0286) 324270,(0286) 325380,https://wonosobokab.bps.go.id
3308,Kabupaten Magelang,BPS Kab. Magelang,"Jl. Letnan Tukiyat No. 4, Kota Mungkid 56511",(0293) 788143,(0293) 788143,https://magelangkab.bps.go.id
3309,Kabupaten Boyolali,BPS Kab. Boyolali,Jl Raya Boyolali - Solo Km2,(0276) 323772,(0276) 321061,https://boyolalikab.bps.go.id
3310,Kabupaten Klaten,BPS Kab. Klaten,"Jl. Merapi No. 6, Gayamprit, Klaten Selatan 57423",(0272) 321689,(0272) 321689,https://klatenkab.bps.go.id
3311,Kabupaten Sukoharjo,BPS Kab. Sukoharjo,"Jl. Slamet Riyadi No. 49, Sukoharjo 57513",(0271) 593057,(0271) 593057,https://sukoharjokab.bps.go.id
3312,Kabupaten Wonogiri,BPS Kab. Wonogiri,"Jl. Ki Mangun Sarkoro , Kaloran, Giripurwo Wonogiri",(0273) 321055,(0273) 321055,https://wonogirikab.bps.go.id
3313,Kabupaten Karanganyar,BPS Kab. Karanganyar,Jl. Majapahit No. 11 B Perkantoran Cangakan 57712,(0271) 495047,(0271) 495047,https://karanganyarkab.bps.go.id
3314,Kabupaten Sragen,BPS Kab. Sragen,Jl Letjen Suprapto No 48 Sragen 57211,(0271) 891151,(0271) 894266,https://sragenkab.bps.go.id
3315,Kabupaten Grobogan,BPS Kab. Grobogan,"Jl. Jend. Sudirman No. 6, Purwodadi 58111",(0292) 421167,(0292) 421167,https://grobogankab.bps.go.id
3316,Kabupaten Blora,BPS Kab. Blora,"Jl. Rajawali No. 12, Blora 58211",(0296) 531191,(024) 531191,https://blorakab.bps.go.id
3317,Kabupaten Rembang,BPS Kab. Rembang,"Jl. Blora Km. 1, Rembang 59217",(0295) 691040,(0295) 691040,https://rembangkab.bps.go.id
3318,Kabupaten Pati,BPS Kab. Pati,Jl Raya Pati - Kudus Km 3,(0295) 381905,(0295) 386056,https://patikab.bps.go.id
3319,Kabupaten Kudus,BPS Kab. Kudus,"Jl. Mejobo Komplek Perkantoran, Kudus 59319",(0291) 433382,(0291) 433382,https://kuduskab.bps.go.id
3320,Kabupaten Jepara,BPS Kab. Jepara,"Jl. Ratu Kalinyamat Komplek Perkantoran, Jepara",(0291) 591119,(0291) 591119,https://jeparakab.bps.go.id
3321,Kabupaten Demak,BPS Kab. Demak,"Jl. Sultan Hadi Wijaya No. 23, Demak 59515",(0291) 685445,(0291) 681754,https://demakkab.bps.go.id
3322,Kabupaten Semarang,BPS Kab. Semarang,"Jl. Garuda No. 7, Ungaran 50511",(024) 6921029,(024) 6921029,https://semarangkab.bps.go.id
3323,Kabupaten Temanggung,BPS Kab. Temanggung,Jl Suwandi Suwardi,(0293) 491149,(0293) 491149,https://temanggungkab.bps.go.id
3324,Kabupaten Kendal,BPS Kab. Kendal,"Jl. Pramuka Komplek Perkantoran , Kendal 51351",(0294) 381461,(0294) 383461,https://kendalkab.bps.go.id
3325,Kabupaten Batang,BPS Kab. Batang,"Jl. Pemuda No. 90, Batang 51215",(0285) 391004,(0285) 391004,https://batangkab.bps.go.id
3326,Kabupaten Pekalongan,BPS Kab. Pekalongan,"Jl. Wirata No. 17, Wiradesa, Pekalongan",(0285) 4416613,(0285) 4416613,https://pekalongankab.bps.go.id
3327,Kabupaten Pemalang,BPS Kab. Pemalang,"Jl. Tentara Pelajar No. 16, Pemalang 52312",(0284) 321169,(0284) 321169,https://pemalangkab.bps.go.id
3328,Kabupaten Tegal,BPS Kab. Tegal,"Jl. Ade Irma Suryani No. 1, Slawi 52418",(0283) 4561190,(0283) 491253,https://tegalkab.bps.go.id
3329,Kabupaten Brebes,BPS Kab. Brebes,"Jl. Letjend MT Haryono No. 74, Brebes 52212",(0283) 671168,(0283) 671168,https://brebeskab.bps.go.id
3371,Kota Magelang,BPS Kota Magelang,"Jl. Gatot Subroto No. 54 D, Magelang 56123",(0293) 362645,(0293) 362645,https://magelangkota.bps.go.id
3372,Kota Surakarta,BPS Kota Surakarta,"Jl. Dr. P. Lumban Tobing No. 6 ,Surakarta 57133",(0271) 635428,(0271) 635428,https://surakartakota.bps.go.id
3373,Kota Salatiga,BPS Kota Salatiga,"Jl. Menur Komplek Perkantoran,Salatiga 50742",(0298) 326319,(0298) 326319,https://salatigakota.bps.go.id
3374,Kota Semarang,BPS Kota Semarang,"Jl. Pemuda No. 148, Semarang 50132",(024) 3546413,(024) 3546413,https://semarangkota.bps.go.id
3375,Kota Pekalongan,BPS Kota Pekalongan,"Jl. Pembangunan No. 4, Pekalongan 51117",(0285) 423504,(0285) 423504,https://pekalongankota.bps.go.id
3376,Kota Tegal,BPS Kota Tegal,"Jl. Nakulo No. 36 A,Tegal 52124",(0283) 351593,(0283) 351593,https://tegalkota.bps.go.id
3401,Kabupaten Kulon Progo,BPS Kabupaten Kulonprogo,"Jl. KRT Kertodiningrat Margosari, Pengasih Kulonprogo","Telp (0274) 773129, 773066 Fax (0274) 773129",bps3401@bps.go.id,https://kulonprogokab.bps.go.id
3402,Kabupaten Bantul,BPS Kabupaten Bantul,"Jl. Gatot Subroto No. 3, Manding, Bantul, Yogyakarta","Telp/Fax (0274) 367424,",bps3402@bps.go.id,https://bantulkab.bps.go.id
3403,Kabupaten Gunung Kidul,BPS Kabupaten Gunungkidul,Jl. Pemuda 19A Baleharjo Wonosai 55811,Telp/Fax (0274) 394180,bps3403@bps.go.id,https://gunungkidulkab.bps.go.id
3404,Kabupaten Sleman,BPS Kabupaten Sleman,"Jl. Purboyo, Tundan, Sumberadil, Mlati, Sleman","Telp (0274) 868422, 866656 Fax (0274) 868422",bps3404@bps.go.id,https://slemankab.bps.go.id
3471,Kota Yogyakarta,BPS Kabupaten Kota Yogyakarta,"Jl. Brigjen Katamso (Kompleks THR), Yogyakarta",Telp (0274) 387752 Fax (0274) 387753,bps3471@bps.go.id,https://jogjakota.bps.go.id
3501,Kabupaten Pacitan,BPS Kabupaten Pacitan,"Jl. Ronggowarsito No. 42 Pacitan, 63511",Telp/Fax (0357) 881304,bps3501@bps.go.id,https://pacitankab.bps.go.id
3502,Kabupaten Ponorogo,BPS Kabupaten Ponorogo,Jl.Letjen R.Suprapto No. 14 Ponorogo 63447,Telp/Fax (0352) 481026,bps3502@bps.go.id,https://ponorogokab.bps.go.id
3503,Kabupaten Trenggalek,BPS Kabupaten Trenggalek,"Jl. Brigjen Soetran, Sumbergedong, Trenggalek 66311",Telp/Fax (0355) 791432,bps3503@bps.go.id,https://trenggalekkab.bps.go.id
3504,Kabupaten Tulungagung,BPS Kabupaten Tulungagung,"Jl. Pahlawan (Komplek Stadion), Tulungagung 66225",Telp/Fax (0355) 321501,bps3504@bps.go.id,https://tulungagungkab.bps.go.id
3505,Kabupaten Blitar,BPS Kabupaten Blitar,Jl.Brigjen Katamso No. 5 Blitar 66132,Telp/Fax (0342) 801474,bps3505@bps.go.id,https://blitarkab.bps.go.id
3506,Kabupaten Kediri,BPS Kabupaten Kediri,"Jl.Pamenang No. 5 Gampeng Rejo, Kediri 64282",Telp/Fax (0354) 689673,bps3506@bps.go.id,https://kedirikab.bps.go.id
3507,Kabupaten Malang,BPS Kabupaten Malang,"Jl. Raya Jati Rejo No. 1A Kepanjen, Malang 64182",Telp (0341) 396979 Fax (0341) 392989,bps3507@bps.go.id,https://malangkab.bps.go.id
3508,Kabupaten Lumajang,BPS Kabupaten Lumajang,Jl.Gatot Subroto No. 89 Lumajang 67352,Telp/Fax. (0334) 881906,bps3508@bps.go.id,https://lumajangkab.bps.go.id
3509,Kabupaten Jember,BPS Kabupaten Jember,Jl.Cendrawasih No. 20 Jember 69116,"Telp (0331) 487642, 427533",bps3509@bps.go.id,https://jemberkab.bps.go.id
3510,Kabupaten Banyuwangi,BPS Kabupaten Banyuwangi,Jl. Akhmad Yani No. 91 Banyuwangi 68416,Telp (0333) 421774 Fax (0333) 413904,bps3510@bps.go.id,https://banyuwangikab.bps.go.id
3511,Kabupaten Bondowoso,BPS Kabupaten Bondowoso,Jl. K.Hasyim Ashari No. 7 Bondowoso 68217,Telp (0332) 421775 Fax (0332) 432331,bps3511@bps.go.id,https://bondowosokab.bps.go.id
3512,Kabupaten Situbondo,BPS Kabupaten Situbondo,"Jl. Raya Wringinanom Kec. Panarukan, Situbondo 68351","Telp/Fax. (0338) 670269, 671996",bps3512@bps.go.id,https://situbondokab.bps.go.id
3513,Kabupaten Probolinggo,BPS Kabupaten Probolinggo,"Jl. Lumajang Km. 5, Sumbertaman, Probolinggo 67215",Telp/Fax. (0335) 422117,bps3513@bps.go.id,https://probolinggokab.bps.go.id
3514,Kabupaten Pasuruan,BPS Kabupaten Pasuruan,Jl. Sultan Agung No.42 Pasuruan 67115,Telp/Fax (0343) 423420,bps3514@bps.go.id,https://pasuruankab.bps.go.id
3515,Kabupaten Sidoarjo,BPS Kabupaten Sidoarjo,"Jl. Pahlawan No.140, Sidoarjo 61213",Telp (031) 8941744 Fax. (031) 8946473,bps3515@bps.go.id,https://sidoarjokab.bps.go.id
3516,Kabupaten Mojokerto,BPS Kabupaten Mojokerto,Jl. RA Basuni No. 35 Jampirogo Mojokerto 61361,Telp/Fax. (0321) 321801,bps3516@bps.go.id,https://mojokertokab.bps.go.id
3517,Kabupaten Jombang,BPS Kabupaten Jombang,"Jl. Airlangga No. 46 A, Kel. Jelakombo, Kab. Jombang 61412",Telp (0321) 861485 Fax (0321) 871089,bps3517@bps.go.id,https://jombangkab.bps.go.id
3518,Kabupaten Nganjuk,BPS Kabupaten Nganjuk,"Jl. Dermojoyo No. 34 A, Kel. Payaman, Nganjuk 64418",Telp/Fax (0358) 321583,bps3518@bps.go.id,https://nganjukkab.bps.go.id
3519,Kabupaten Madiun,BPS Kabupaten Madiun,"Jl. Raya Solo No. 30, Kel. Jiwan, Kab. Madiun 63161",Telp (0351) 463193,bps3519@bps.go.id,https://madiunkab.bps.go.id
3520,Kabupaten Magetan,BPS Kabupaten Magetan,"Jl. Inspol Ismiadi No. 2A, Magetan 63318",Telp/ Fax (0351) 895098,bps3520@bps.go.id,https://magetankab.bps.go.id
3521,Kabupaten Ngawi,BPS Kabupaten Ngawi,Jl. Basuki Rahmat No. 1 Ngawi 63218,Telp/Fax. (0351) 749177,bps3521@bps.go.id,https://ngawikab.bps.go.id
3522,Kabupaten Bojonegoro,BPS Kabupaten Bojonegoro,"Jl. Sawunggaling No. 62, Bojonegoro 62111",Telp/Fax. (0353) 881080,bps3522@bps.go.id,https://bojonegorokab.bps.go.id
3523,Kabupaten Tuban,BPS Kabupaten Tuban,Jl. Mastrip No. 21 Tuban 62315,"Telp (0356) 321974, 327911 Fax. (0356) 321974",bps3523@bps.go.id,https://tubankab.bps.go.id
3524,Kabupaten Lamongan,BPS Kabupaten Lamongan,"Jl. Basuki Rahmat No. 176, Lamongan 62215",Telp/Fax. (0322) 321339,bps3524@bps.go.id,https://lamongankab.bps.go.id
3525,Kabupaten Gresik,BPS Kabupaten Gresik,"Jl. Dr. Wahidin Sudirohusodo No. 364, Kel. Dahanrejo, Gresik 61122",Telp/Fax. (031) 3984787,bps3525@bps.go.id,https://gresikkab.bps.go.id
3526,Kabupaten Bangkalan,BPS Kabupaten Bangkalan,"Jl. Halim P. Kusuma No. 5, Kel. Mlajah, Kab. Bangkalan 69111",Telp/Fax. (031) 3095622,bps3526@bps.go.id,https://bangkalankab.bps.go.id
3527,Kabupaten Sampang,BPS Kabupaten Sampang,Jl. KH.Wahid Hasyim No.37 Sampang 69213,Telp/Fax. (0323) 321180,bps3527@bps.go.id,https://sampangkab.bps.go.id
3528,Kabupaten Pamekasan,BPS Kabupaten Pamekasan,Jl. Trunojoyo 325 Pamekasan 69323,Telp/Fax. (0324) 328834,bps3528@bps.go.id,https://pamekasankab.bps.go.id
3529,Kabupaten Sumenep,BPS Kabupaten Sumenep,Jl. Seludang No. 4 Sumenep 69416,Telp/Fax. (0328) 662226,bps3529@bps.go.id,https://sumenepkab.bps.go.id
3571,Kota Kediri,BPS Kota Kediri,"Jl. Penanggungan No. 14G, Kel. Lirboyo, Kec. Mojoroto, Kota Kediri 64117",Telp (0354) 773238 Fax. (0354) 773119,bps3571@bps.go.id,https://kedirikota.bps.go.id
3572,Kota Blitar,BPS Kota Blitar,Jl. Kalimantan No. 40 Kota Blitar 66131,Telp/Fax. (0342) 801418,bps3572@bps.go.id,https://blitarkota.bps.go.id
3573,Kota Malang,BPS Kota Malang,"Jl. Raya Janti Barat No. 47, Kota Malang 65132",Telp (0341) 801164 Fax. (0341) 805871,bps3573@bps.go.id,https://malangkota.bps.go.id
3574,Kota Probolinggo,BPS Kota Probolinggo,Jl. Bromo No. 32 Probolinggo 67222,Telp (0335) 421791 Fax. (0335) 431661,bps3574@bps.go.id,https://probolinggokota.bps.go.id
3575,Kota Pasuruan,BPS Kota Pasuruan,"Jl. Panglima Sudirman 84 Pasuruan 67115, Kota Pasuruan",Telp/Fax. (0343) 424026,bps3575@bps.go.id,https://pasuruankota.bps.go.id
3576,Kota Mojokerto,BPS Kota Mojokerto,Jl. Meri No. 7 Mojokerto 61315,Telp/Fax. (0321) 324261,bps3576@bps.go.id,https://mojokertokota.bps.go.id
3577,Kota Madiun,BPS Kota Madiun,"Jl. Mayjen Panjaitan No. 11, Kec. Taman, Kota Madiun 63136",Telp/Fax. (0351) 495814,bps3577@bps.go.id,https://madiunkota.bps.go.id
3578,Kota Surabaya,BPS Kota Surabaya,"Jl. Ahmad Yani No. 152 E, Surabaya",Telp (031) 8296691 Fax. (031) 8296692,bps3578@bps.go.id,https://surabayakota.bps.go.id
3579,Kota Batu,BPS Kota Batu,"Jl. Melati No. 11 Songgokerto, Kota Batu 65312",Telp/Fax. (0341) 512575,bps3579@bps.go.id,https://batukota.bps.go.id
3601,Kabupaten Pandeglang,BPS Kabupaten Pandeglang,Jl. Raya Labuan Km.4 No.1 Cikoneng Kaduhejo Pandeglang 42253,Telp (0254) 201138 Fax (0253) 203949,bps3601@bps.go.id,https://pandeglangkab.bps.go.id
3602,Kabupaten Lebak,BPS Kabupaten Lebak,Jl. H. Tubagus Hasan Pasir Ona Cisemir Rangkasbitung 42313,Telp/Fax. (0252) 280779,bps3602@bps.go.id,https://lebakkab.bps.go.id
3603,Kabupaten Tangerang,BPS Kabupaten Tangerang,Jl. Ki Mas Laeng No. 36 Tigaraksa Tangerang 15720,Telp/Fax. (021) 5996105,bps3603@bps.go.id,https://tangerangkab.bps.go.id
3604,Kabupaten Serang,BPS Kabupaten Serang,"Jl. Desa Kaserangan-Pengampelan No. 7, Ciruas 42182",Telp/Fax. (0254) 282902,bps3604@bps.go.id,https://serangkab.bps.go.id
3671,Kota Tangerang,BPS Kota Tangerang,Jl. Noer Radji No. 28 Garendeng Tangerang 15111,Telp (021) 55792858 Fax. (021) 55796910,bps3671@bps.go.id,https://tangerangkota.bps.go.id
3672,Kota Cilegon,BPS Kota Cilegon,"Jl. Sukabumi/BBS II Kavling Blok 1, Cilegon 42418",Telp (0254) 385524 Fax. (0254) 385040,bps3672@bps.go.id,https://cilegonkota.bps.go.id
3673,Kota Serang,BPS Kota Serang,"Jl. Letnan Jidun No. 6 Kepandean, Serang",Telp (0254) 200705 Fax. (0254) 212935,bps3673@bps.go.id,https://serangkota.bps.go.id
3674,Kota Tangerang Selatan,BPS Kota Tangerang Selatan,Jl. Raya Pahlawan Seribu – Pusptek Kel. Kademangan Kec. Setu Tangerang Selatan 15313,Telp/Fax. (021) 75791502,bps3674@bps.go.id,https://tangselkota.bps.go.id
5101,Kabupaten Jembrana,BPS Kabupaten Jembrana,Jl. Mayor Sugianyar No. 15 Jembrana,Telp (0365) 41132 Fax (0365) 42675,bps5101@bps.go.id,https://jembranakab.bps.go.id
5102,Kabupaten Tabanan,BPS Kabupaten Tabanan,"Jl. Pahlawan No. 1B, Tabanan",Telp (0361) 811571 Fax. (0361) 814967,bps5102@bps.go.id,https://tabanankab.bps.go.id
5103,Kabupaten Badung,BPS Kabupaten Badung,"Jl. Raya Darmasaba, Abiansemal, Badung 80352",Telp (0361) 8441616 Fax (0361) 8441717,bps5103@bps.go.id,https://badungkab.bps.go.id
5104,Kabupaten Gianyar,BPS Kabupaten Gianyar,Jl. Airlangga No. 5 Gianyar 80511,Telp (0361) 943075 Fax (0361) 943075,bps5104@bps.go.id,https://gianyarkab.bps.go.id
5105,Kabupaten Klungkung,BPS Kab. Klungkung,Jl. Gajah Mada Semarapura 80751,Telp (0366) 21180 Fax (0366) 24242,bps5105@bps.go.id,https://klungkungkab.bps.go.id
5106,Kabupaten Bangli,BPS Kabupaten Bangli,Jl. Lettu Sobat No. 13 Bangli 80613,Telp (0366) 91633 Fax (0366) 91670,bps5106@bps.go.id,https://banglikab.bps.go.id
5107,Kabupaten Karangasem,BPS Kab. Karangasem,Jl. Kartini No. 4 Amlapura 80851,Telp/Fax. (0363) 21159,bps5107@bps.go.id,https://karangasemkab.bps.go.id
5108,Kabupaten Buleleng,BPS Kab. Buleleng,Jl. Dewi Sartika No. 19 Singaraja 81118,Telp (0362) 22145 Fax (0363) 29747,bps5108@bps.go.id,https://bulelengkab.bps.go.id
5171,Kota Denpasar,BPS Kota Denpasar,"Jl. Mulawarman No. 11, Denpasar 80111",Telp (0361) 418770 Fax (0361) 434326,bps5171@bps.go.id,https://denpasarkota.bps.go.id
5201,Kabupaten Lombok Barat,BPS Kabupaten Lombok Barat,"Jl. Sukarno Hatta, Giri Menang, Gerung, Lobar","Telp (0370) 681550, Faks (0370) 681550,",bps5201@bps.go.id,https://lombokbaratkab.bps.go.id
5202,Kabupaten Lombok Tengah,BPS Kabupaten Lombok Tengah,"Jl.Kalimantan No.2 Praya, Lombok Tengah NTB 83511",Telp (0370) 654681/faks (0370)654900,bps5202@bps.go.id,https://lomboktengahkab.bps.go.id
5203,Kabupaten Lombok Timur,BPS Kabupaten Lombok Timur,Jl. TGH. Zainuddin Abdul Majid No. 70 Selong NTB,"Telp (0376) 22161, Faks (0376) 22162",bps5203@bps.go.id,https://lomboktimurkab.bps.go.id
5204,Kabupaten Sumbawa,BPS Kabupaten Sumbawa,"Jl. Durian No. 70 Sumbawa Besar 84317, NTB","Telp.(0371) 21047, fax (0371) 2629045",bps5204@bps.go.id,https://sumbawakab.bps.go.id
5205,Kabupaten Dompu,BPS Kabupaten Dompu,"Jl. Akasia No. 2, Bada, 84211, NTB",Telp dan Fax (0373) 21084,bps5205@bps.go.id,https://dompukab.bps.go.id
5206,Kabupaten Bima,BPS Kabupaten Bima,"jl lintas sumbawa-bima, talabiu-woha kabupaten bima, 84171",telp (0374) 646003 / 81583,bps5206@bps.go.id,https://bimakab.bps.go.id
5207,Kabupaten Sumbawa Barat,BPS Kabupaten Sumbawa Barat,"Jl. Pendidikan No. 269 Telaga Bertong, Taliwang, Kab. Sumbawa Barat, NTB 84455",Telp./Fax : (0372) 81813,bps5207@bps.go.id,https://sumbawabaratkab.bps.go.id
5208,Kabupaten Lombok Utara,BPS Kabupaten Lombok Utara,"Jl. Raya Gangga-Bayan, Genggelang-Gangga, Kabupaten Lombok Utara",-,bps5208@bps.go.id,https://lombokutarakab.bps.go.id
5271,Kota Mataram,BPS Kota Mataram,"Jl. Jendral Sudirman No. 71 Mataram, Rembiga, Mataram, NTB",Telp/Fax : (0370) 642544,bps5271@bps.go.id,https://mataramkota.bps.go.id
5272,Kota Bima,BPS Kota Bima,"Jl.Soekarno Hatta no.14,Kota Bima, NTB 84113",Telp (0374)6647460,bps5272@bps.go.id,https://bimakota.bps.go.id
5301,Kabupaten Sumba Barat,BPS Kabupaten Sumba Barat,"Jl. Weekerou, Kel. Weekerou, Kec. Loli, Waikabubak – NTT 872121",Telp/Fax. (0387) 21256,bps5301@bps.go.id,https://sumbabaratkab.bps.go.id
5302,Kabupaten Sumba Timur,BPS Kabupaten Sumba Timur,Jl. L. D. Dapawole No. 1 Waingapu 87111,Telp/Fax. (0387) 61368,bps5302@bps.go.id,https://sumbatimurkab.bps.go.id
5303,Kabupaten Kupang,BPS Kabupaten Kupang,"Jl. Timor Raya KM. 36 Oelamasi, Kab. Kupang",Telp (0380) 824432,bps5303@bps.go.id,https://kupangkab.bps.go.id
5304,Kabupaten Timor Tengah Selatan,BPS Kabupaten Timor Tengah Selatan,Jl. Proklamasi No. 6A Soe – Kab TTS 85511,Telp/Fax. (0388) 21051,bps5304@bps.go.id,https://timortengahselatankab.bps.go.id
5305,Kabupaten Timor Tengah Utara,BPS Kabupaten Timor Tengah Utara,Jl. Jendral Sudirman Kefamenanu 85613,Telp/Fax. (0388) 31052,bps5305@bps.go.id,https://timortengahutarakab.bps.go.id
5306,Kabupaten Belu,BPS Kabupaten Belu,Jl. Dr. G.A Siwabessy No. 2 Atambua 85714,Telp/Fax. (0389) 21317,bps5306@bps.go.id,https://belukab.bps.go.id
5307,Kabupaten Alor,BPS Kabupaten Alor,Jl. Panglima Polem No. 17 Kel. Kalabahi Timur Kalabahi 85811,Telp/Fax. (0386) 21046,bps5307@bps.go.id,https://alorkab.bps.go.id
5308,Kabupaten Lembata,BPS Kabupaten Lembata,"Jl. Trans Lembata Kel. Lewoleba Timur, Lembata",Telp/Fax. (0383) 2343206,bps5308@bps.go.id,https://lembatakab.bps.go.id
5309,Kabupaten Flores Timur,BPS Kabupaten Flores Timur,Jl. San Juan Sarotari Larantuka 86219,Telp/Fax. (0383) 21164,bps5309@bps.go.id,https://florestimurkab.bps.go.id
5310,Kabupaten Sikka,BPS Kabupaten Sikka,Jl. Wairklau No. 29 Maumere 86112,Telp/Fax. (0382) 21371,bps5310@bps.go.id,https://sikkakab.bps.go.id
5311,Kabupaten Ende,BPS Kabupaten Ende,"Jl. El – Tari, Kel. Paupire, Kec. Ende Tengah, Ende 86316",Telp/Fax. (0381) 21335,bps5311@bps.go.id,https://endekab.bps.go.id
5312,Kabupaten Ngada,BPS Kabupaten Ngada,"Jl. Slamet Riyadi, Bajawa 84614",Telp/Fax. (0384) 21359,bps5312@bps.go.id,https://ngadakab.bps.go.id
5313,Kabupaten Manggarai,BPS Kabupaten Manggarai,"Jl. Bougenville Kel. Pau, Kec. Langke Rembong Ruteng 86516",Telp/Fax (0385) 21338,bps5313@bps.go.id,https://manggaraikab.bps.go.id
5314,Kabupaten Rote Ndao,BPS Kabupaten Rote Ndao,"Jl. Nusaklain, Kompleks Perkantoran Bumi Tii Langga Permai – Ba’a, Rote",Telp (0380) 8571057 Fax. (0380) 8571058,bps5314@bps.go.id,https://rotendaokab.bps.go.id
5315,Kabupaten Manggarai Barat,BPS Kabupaten Manggarai Barat,"Jl. Frans Nala, Kel. Batu Cermin, Labuan Bajo 86554",Telp (0385) 2243028,bps5315@bps.go.id,https://manggaraibaratkab.bps.go.id
5316,Kabupaten Sumba Tengah,BPS Kabupaten Sumba Tengah,"Jl. Wee Karou, Kec. Loli, Kab. Sumba Barat",Telp (0387) 21256,bps5301@bps.go.id,https://sumbatengahkab.bps.go.id
5317,Kabupaten Sumba Barat Daya,BPS Kabupaten Sumba Barat Daya,"Kompleks Perkantoran Vertikal Poma, Desa Kalipada, Kecamatan Kota Tambolaka, Sumba Barat Daya",Telp (0387) 2524044,bps5317@bps.go.id,https://sumbabaratdayakab.bps.go.id
5318,Kabupaten Nagekeo,BPS Kabupaten Nagekeo,"Kompleks Perkantoran Pemda Mbay – Nagekeo, NTT",,bps5318@bps.go.id,https://nagekeokab.bps.go.id
5319,Kabupaten Manggarai Timur,BPS Kabupaten Manggarai Timur,JL. Ki Hajar Dewantara – Satar Peot – Borong – Manggarai Timur 86571,,bps5319@bps.go.id,https://manggaraitimurkab.bps.go.id
5320,Kabupaten Sabu Raijua,BPS Kabupaten Sabu Raijua,Jl. Timor Raya Km 36 Oelamasi,,bps5303@bps.go.id,https://saburaijuakab.bps.go.id
5321,Kabupaten Malaka,BPS Kabupaten Malaka,"Jl. DR. G . A. Siwabessy No. 2, Atambua-NTT 85714",Telp (0389) 213176,bps5306@bps.go.id,https://malakakab.bps.go.id
5371,Kota Kupang,BPS Kota Kupang,"Jl. Frans Seda, Kupang 85111",Telp/Fax. (0380) 824432,bps5371@bps.go.id,https://kupangkota.bps.go.id
6101,Kabupaten Sambas,BPS Kabupaten Sambas,"Jl. Pembangunan, Sambas",Telp/Fax. (0562) 392817,bps6101@bps.go.id,https://sambaskab.bps.go.id
6102,Kabupaten Bengkayang,BPS Kabupaten Bengkayang,"Jl. Guna Baru No. 99 Kel. Sebalo, Bengkayang 79212",Telp/Fax. (0562) 4442047,bps6102@bps.go.id,https://bengkayangkab.bps.go.id
6103,Kabupaten Landak,BPS Kabupaten Landak,"Jl. Pangeran Affandirani No. 26 Jalur 2, Ngabang 79357",Telp/Fax. (0563) 21966,bps6103@bps.go.id,https://landakkab.bps.go.id
6104,Kabupaten Mempawah,BPS Kabupaten Pontianak,Jl. Raden Kusno No. 59 Mempawah 78912,Telp (0561) 691049 Fax. (0561) 669539,bps6104@bps.go.id,https://mempawahkab.bps.go.id
6105,Kabupaten Sanggau,BPS Kabupaten Sanggau,Jl. Sutan Syahrir No. 52 A Sanggau 78512,Telp (0564) 21884 Fax. (0564) 21036,bps6105@bps.go.id,https://sanggaukab.bps.go.id
6106,Kabupaten Ketapang,BPS Kabupaten Ketapang,"Jl. Letjen, S. Parman No. 101",Telp (0534) 32017 Fax. (0534) 3037840,bps6106@bps.go.id,https://ketapangkab.bps.go.id
6107,Kabupaten Sintang,BPS Kabupaten Sintang,Jl. Dr. Wahidin Sudirohusodo – Sintang 78612,Telp/Fax. (0565) 21704,bps6107@bps.go.id,https://sintangkab.bps.go.id
6108,Kabupaten Kapuas Hulu,BPS Kabupaten Kapuas Hulu,Jl. Antasari No. 13 Putussibau 78711,Telp (0567) 21088 Fax. (0567) 22041,bps6108@bps.go.id,https://kapuashulukab.bps.go.id
6109,Kabupaten Sekadau,BPS Kabupaten Sekadau,Jl. Merdeka Timur Km. 9 Komplek Perkantoran Pemda Sekadau 78582,Telp/Fax. (0564) 2042009,bps6109@bps.go.id,https://sekadaukab.bps.go.id
6110,Kabupaten Melawi,BPS Kabupaten Melawi,Jl. Juang Km. 4 Komplek Perumahan DPRD 78672,Telp (0568) 21841,bps6110@bps.go.id,https://melawikab.bps.go.id
6111,Kabupaten Kayong Utara,BPS Kabupaten Kayong Utara,Jl. Batu Daya I no No. 8 Sukadana 78852,Telp/Fax. (0561) 3031316 (0561) 732184,bps6111@bps.go.id,https://kayongutarakab.bps.go.id
6112,Kabupaten Kubu Raya,BPS Kabupaten Kubu Raya,Jl. Supadio Km 19.5 Sungai Raya,Telp (0561) 724189 Fax. 0561) 724189,bps6112@bps.go.id,https://kuburayakab.bps.go.id
6171,Kota Pontianak,BPS Kota Pontianak,Jl. Letjen Sutoyo No. 17 Pontianak 78121,Telp (0561) 736471 Hp. 0561–761374,bps6171@bps.go.id,https://pontianakkota.bps.go.id
6172,Kota Singkawang,BPS Kota Singkawang,"Jl. Ahmad Yan No. 75 Pasiran, Singkawang – Kalimantan Barat 79115",Telp (0562) 6313354,bps6171@bps.go.id,https://singkawangkota.bps.go.id
6201,Kabupaten Kotawaringin Barat,BPS Kabupaten Kotawaringin Barat,Jl. P. Diponegoro No. 01 Pangkalan Bun 74111,Telp (0532) 23786 Fax. (0532) 21449,bps6201@bps.go.id,https://kobarkab.bps.go.id
6202,Kabupaten Kotawaringin Timur,BPS Kabupaten Kotawaringin Timur,Jl. Jend. A.Yani No. 05 Sampit 74322,Telp (0513) 30249 Fax. (0513) 21221,bps6202@bps.go.id,https://kotimkab.bps.go.id
6203,Kabupaten Kapuas,BPS Kabupaten Kapuas,Jl. Tambun Bungai No. 15 Kuala Kapuas 73514,Telp/Fax (0513) 21093,bps6203@bps.go.id,https://kapuaskab.bps.go.id
6204,Kabupaten Barito Selatan,BPS Kabupaten Barito Selatan,"Jl. Tugu No. 2A Buntok, Barito Selatan 73711",Telp/Fax. (0525) 21016,bps6204@bps.go.id,https://barselkab.bps.go.id
6205,Kabupaten Barito Utara,BPS Kabupaten Barito Utara,Jl. Ahmad Yani No. 143 Muara Teweh 73811,Telp (0519) 21070 Fax. (0519) 24175,bps6205@bps.go.id,https://barutkab.bps.go.id
6206,Kabupaten Sukamara,BPS Kabupaten Sukamara,"Jl. Tjlik Riwut KM 8, Sukamara",Telp (0532) 6715134 Fax. (0532) 26119,bps6206@bps.go.id,https://sukamarakab.bps.go.id
6207,Kabupaten Lamandau,BPS Kabupaten Lamandau,Jl. Sempalau No.3 Komp. Perkantoran Bukit Hibul Nanga Bulik Lamandau 74612,Telp (0532) 2071426 Fax (0532) 2071071,bps6207@bps.go.id,https://lamandaukab.bps.go.id
6208,Kabupaten Seruyan,BPS Kabupaten Seruyan,Jl. Moh. Hatta No.7 Kuala Pembuang 74212,Telp (0538) 2022436 Fax (0538) 2022439,bps6208@bps.go.id,https://seruyankab.bps.go.id
6209,Kabupaten Katingan,BPS Kabupaten Katingan,Jl. A. Yani Kompleks Perkantoran Keren Humbang Kasongan 74411,Telp/Fax. (0536) 4043603,bps6209@bps.go.id,https://katingankab.bps.go.id
6210,Kabupaten Pulang Pisau,BPS Kabupaten Pulang Pisau,"Jl. Trans Kalimantan Km. 98, Mantaren I, Pulang Pisau 74811",,bps6210@bps.go.id,https://pulpiskab.bps.go.id
6211,Kabupaten Gunung Mas,BPS Kabupaten Gunung Mas,"Jl. Brigjen Katamso No. 97 RT 7, Kelurahan Tampang, Kuala Kurun 74511",Telp/Fax. (0537) 3032777,bps6211@bps.go.id,https://gumaskab.bps.go.id
6212,Kabupaten Barito Timur,BPS Kabupaten Barito Timur,Jl. Manunggal No. 013 Tamiang Layang 73611,Telp (0526) 2091436 Fax (0526) 2091014,bps6212@bps.go.id,https://bartimkab.bps.go.id
6213,Kabupaten Murung Raya,BPS Kabupaten Murung Raya,Jl. Diponegoro (Komplek Pemda Murung Raya) Puruk Cahu 73911,Telp (0528) 3033022 Fax (0528) 31904,bps6213@bps.go.id,https://murakab.bps.go.id
6271,Kota Palangka Raya,BPS Kota Palangka Raya,Jl. Dr. Wahidin Sudirohusodo No. 05 Palangka Raya 73111,"Telp (0536) 3222098, Fax (0536) 3237448",bps6271@bps.go.id,https://palangkakota.bps.go.id
6301,Kabupaten Tanah Laut,BPS Kabupaten Tanah Laut,"Jl. A. Syairani No. 9 Komp. Perkantoran Gagas, Pelaihari 70814",Telp (0512) 21092 Fax. 0512-21313,bps6301@bps.go.id,https://tanahlautkab.bps.go.id
6302,Kabupaten Kota Baru,BPS Kabupaten Kotabaru,"Jl. Jamrud I Dirgahayu, Kota Baru 70242",Telp (0518) 21145 Fax. (0518) 23009,bps6302@bps.go.id,https://kotabarukab.bps.go.id
6303,Kabupaten Banjar,BPS Kabupaten Banjar,"Jl. A. Yani No. 51 Km. 39,5 , Martapura 70614",Telp/Fax. (0511) 4721394,bps6303@bps.go.id,https://banjarkab.bps.go.id
6304,Kabupaten Barito Kuala,BPS Kabupaten Barito Kuala,"Jl. Jend Sudirman No.72 RT. 14, Marabahan 70513",Telp/Fax. (0511) 4799057,bps6304@bps.go.id,https://baritokualakab.bps.go.id
6305,Kabupaten Tapin,BPS Kabupaten Tapin,"Jl. Haryono MT, Rantau 71111",Telp/Fax. (0517) 31035,bps6305@bps.go.id,https://tapinkab.bps.go.id
6306,Kabupaten Hulu Sungai Selatan,BPS Kabupaten Hulu Sungai Selatan,"Jl. Mawar No. 74, Kandangan 71212",Telp/Fax. (0517) 21040,bps6306@bps.go.id,https://hulusungaiselatankab.bps.go.id
6307,Kabupaten Hulu Sungai Tengah,BPS Kabupaten Hulu Sungai Tengah,Jl. Keramat Manjang No. 10 Barabai 71313,Telp/Fax. (0517) 41236,bps6307@bps.go.id,https://hulusungaitengahkab.bps.go.id
6308,Kabupaten Hulu Sungai Utara,BPS Kabupaten Hulu Sungai Utara,"Jl. Saberan Effendi RT 3, Kelurahan Sungai Malang Amuntai 71418",Telp/Fax. (0527) 61049,bps6308@bps.go.id,https://hulusungaiutarakab.bps.go.id
6309,Kabupaten Tabalong,BPS Kabupaten Tabalong,Jl. Jaksa Agung Soeprapto RT. 15 No. 82 Tanjung 71513,Telp/Fax. (0520) 2021214,bps6309@bps.go.id,https://tabalongkab.bps.go.id
6310,Kabupaten Tanah Bumbu,BPS Kabupaten Tanah Bumbu,"Jl. Dharma Praja/ Lokalitbang Kel. Gunung Tinggi, Kec. Batulicin 7217",Telp/Fax. (0518) 607006,bps6310@bps.go.id,https://tanahbumbukab.bps.go.id
6311,Kabupaten Balangan,BPS Kabupaten Balangan,"Jl. A. Yani Km. 2,5 , Kec. Paringin Selatan, Kabupaten Balangan 71619",Telp/Fax. (0526) 2028202,bps6311@bps.go.id,https://balangankab.bps.go.id
6371,Kota Banjarmasin,BPS Kota Banjarmasin,"Jl.H.Djafri Zam-zam No. 10, Banjarmasin 70116",Telp (0511) 3354158 Fax. (0511) 3354178,bps6371@bps.go.id,https://banjarmasinkota.bps.go.id
6372,Kota BanjarBaru,BPS Kota Banjar Baru,Jl. Teratai No.4 Banjarbaru 70711,Telp/Fax. (0511) 4772016,bps6372@bps.go.id,https://banjarbarukota.bps.go.id
6401,Kabupaten Paser,BPS Kabupaten Paser,"Jl. Gajahmada No. 76, Tanah Paser 76211",Telp/Fax (0543) 21219,bps6401@bps.go.id,https://paserkab.bps.go.id
6402,Kabupaten Kutai Barat,BPS Kabupaten Kutai Barat,Jl. Sendawar Raya (Jalur II) No.4 Komp. Perkantoran Sendawar 75776,Telp (0545) 4043790 Fax. (0545) 4043791,bps6402@bps.go.id,https://kubarkab.bps.go.id
6403,Kabupaten Kutai Kartanegara,BPS Kabupaten Kutai Kartanegara,"Jl. Danau Aji No. 98,Tenggarong 75512",Telp (0541) 661210 Fax. (0541) 662362,bps6403@bps.go.id,https://kukarkab.bps.go.id
6404,Kabupaten Kutai Timur,BPS Kabupaten Kutai Timur,Jl. AW. Sjahranie,Telp (0549) 23223 Fax. (0549) 24745,bps6404@bps.go.id,https://kutimkab.bps.go.id
6405,Kabupaten Berau,BPS Kabupaten Berau,"Jl. Mangga II No. 53 Tanjung Redeb, Berau",Telp/Fax. (0543) 21543,bps6405@bps.go.id,https://beraukab.bps.go.id
6409,Kabupaten Penajam Paser Utara,BPS Kabupaten Penajam Paser Utara,"Jl. Provinsi Km. 9 Nipah-Nipah, Penajam 76411, Kel. Nenang Penajam",Telp (0542) 7211471 Fax. (0542) 7211478,bps6409@bps.go.id,https://ppukab.bps.go.id
,Kabupaten Mahakam Hulu,,,,,https://mahulukab.bps.go.id
6471,Kota Balikpapan,BPS Kota Balikpapan,Jl. Jend. Sudirman No.84 Balikpapan 76112,Telp/Fax. (0542) 737554,bps6471@bps.go.id,https://balikpapankota.bps.go.id
6472,Kota Samarinda,BPS Kota Samarinda,Jl. KH Ahmad Dahlan No. 33 Samarinda 75117,Telp (0541) 743661,bps6472@bps.go.id,https://samarindakota.bps.go.id
6474,Kota Bontang,BPS Kota Bontang,"Jl. Awang Long No. 2 Kota Bontang, Kalimantan Timur 75311",Telp (0548) 26066 Fax. (0548) 27706,bps6474@bps.go.id,https://bontangkota.bps.go.id
6406,Kabupaten Malinau,BPS Kabupaten Malinau,Jl. Pusat Pemerintahan PEMDA Malinau 77554,Telp/Fax. (0553) 2022087,bps6406@bps.go.id,https://malinaukab.bps.go.id
6407,Kabupaten Bulungan,BPS Kabupaten Bulungan,Jl. H. Kol. Soetadji No. 85 Tanjung Selor 77212,Telp/Fax (0552) 21171,bps6407@bps.go.id,https://bulungankab.bps.go.id
6410,Kabupaten Tana Tidung,BPS Kabupaten Tana Tidung,"Jl. Tanah Abang No. 48 RT.04, RW. 02 Kec. Tideng Pale",Telp/Fax. (0553) 2025039,bps6410@bps.go.id,https://tanatidungkab.bps.go.id
6408,Kabupaten Nunukan,BPS Kabupaten Nunukan,"Jl. Ujung Dewa, Kompleks Perkantoran Vertikal, Nunukan Selatan, Kalimantan Utara 77482",Telp (0556) 2027937 Fax. (0556) 2027937,bps6408@bps.go.id,https://nunukankab.bps.go.id
6473,Kota Tarakan,BPS Kota Tarakan,Jl. P. Kalimantan No. 9 Kamp. Satu Skip Tarakan,Telp (0551) 31715 Fax. (0551) 31715,bps6473@bps.go.id,https://tarakankota.bps.go.id
7101,Kabupaten Bolaang Mongondow,BPS Kabupaten Bolaang Mongondow,"Jl. Trans Sulawesi Desa Lalow Kec. Lolak, Kab. Bolaang Mongondow",Telp/Fax (0434) 21310,bps7101@bps.go.id,https://bolmongkab.bps.go.id
7102,Kabupaten Minahasa,BPS Kabupaten Minahasa,"Jl. Dotulolong Lasut Kel. Katinggolan, Kec. Tondano Timur Kab. Minahasa",Telp (0431) 321155,bps7102@bps.go.id,https://minahasakab.bps.go.id
7103,Kabupaten Kepulauan Sangihe,BPS Kabupaten Kepulauan Sangihe,"Jl. Baru Tona I, Tahuna Timur 95815",Telp/Fax. (0432) 24547,bps7103@bps.go.id,https://sangihekab.bps.go.id
7104,Kabupaten Kepulauan Talaud,BPS Kabupaten Kepulauan Talaud,"Kompleks Perkantoran Pemda Kabupaten Kepulauan Talaud, Melonguane 95955",,bps7104@bps.go.id,https://talaudkab.bps.go.id
7105,Kabupaten Minahasa Selatan,BPS Kabupaten Minahasa Selatan,"Jl. Trans Sulawesi, Desa Teep, Kecamatan Amurang Barat, Minahasa Selatan 95955",Telp (0430) 22798,bps7105@bps.go.id,https://minselkab.bps.go.id
7106,Kabupaten Minahasa Utara,BPS Kabupaten Minahasa Utara,Komp. Perkantoran Pemda Kab. Minahasa Utara 95731,Telp (0431) 891050,bps7106@bps.go.id,https://minutkab.bps.go.id
7107,Kabupaten Bolaang Mongondow Utara,BPS Mongondow Utara,Jl. Trans Sulawesi Desa Lalow Kecamatan Lolak Kabupaten Bolaang Mongondow,,bps7101@bps.go.id,https://bolmutkab.bps.go.id
7108,Kabupaten Siau Tagulandang Biaro,BPS Kabupaten Kepulauan Siau Tagulandang Biaro,"Jl. Sunggu Lingkungan IV Kelurahan Paniki, Kecamatan Siau Barat, Kabupaten Kepulauan Siau Tagulandang Biaro, Sulawesi Utara",,bps7108@bps.go.id,https://sitarokab.bps.go.id
,Kabupaten Minahasa Tenggara,,,,,https://mitrakab.bps.go.id
7110,Kabupaten Bolaang Mongondow Selatan,BPS Mongondow Selatan,Jl. Trans Sulawesi Desa Lalow Kecamatan Lolak Kabupaten Bolaang Mongondow,,bps7101@bps.go.id,https://bolselkab.bps.go.id
7174,Kabupaten Bolaang Mongondow Timur,BPS Mongondow Timur,"Jl. Kinalang, Jalur 2 – Kotamobagu Timur – Kotamobagu 95712",Telp/Faks. (0434) 21411,bps7174@bps.go.id,https://boltimkab.bps.go.id
7171,Kota Manado,BPS Kota Manado,"Jl. Mangga III, Bum Nyiur, Manado",Telp (0431) 858091,bps7171@bps.go.id,https://manadokota.bps.go.id
7172,Kota Bitung,BPS Kota Bitung,"Jl. Stadion Dua Saudara Manembo-nembo Tengah, Bitung 95545",Telp (0438) 31269,bps7172@bps.go.id,https://bitungkota.bps.go.id
7173,Kota Tomohon,BPS Kota Tomohon,"Jl. Nimawanua, Kel. Langsot, Kec. Tomohon Selatan, Kota Tomohon 95431",Telp (0431) 3159904,bps7173@bps.go.id,https://tomohonkota.bps.go.id
7174,Kota Kotamobagu,BPS Kota Kotamobagu,"Jl. Paloko Kinalang Jalur 2, Kotamobagu Timur 95712",Telp (0434) 21411,bps7174@bps.go.id,https://kotamobagukota.bps.go.id
7201,Kabupaten Banggai Kepulauan,BPS Kabupaten Banggai Kepulauan,"Kompleks Perkantoran Jl. Bukit Trikora, Kel. Salakan Kec. Tinangkung",Telp (0462) 2222163,bps7201@bps.go.id,https://bangkepkab.bps.go.id
7201,Kabupaten Banggai,BPS Kabupaten Banggai Kepulauan,"Kompleks Perkantoran Jl. Bukit Trikora, Kel. Salakan Kec. Tinangkung",Telp (0462) 2222163,bps7201@bps.go.id,https://banggaikab.bps.go.id
7203,Kabupaten Morowali,BPS Kabupaten Morowali,"Komplek Perkantoran Bumi Fonuasingko, Morowali",Telp (0811) 4509052,bps7203@bps.go.id,https://morowalikab.bps.go.id
7204,Kabupaten Poso,BPS Kabupaten Poso,"Jl. P. Kalimantan No. 52, Kel. Gebangrejo, Kec. Poso Kota.",Telp (0452) 21695 Faks. (0452) 22929,bps7204@bps.go.id,https://posokab.bps.go.id
7205,Kabupaten Donggala,BPS Kabupaten Donggala,"Jl. Jati, Kel. Gunung Bale, Kec. Banawa 94221",Telp/Fax. (0457) 72242,bps7205@bps.go.id,https://donggalakab.bps.go.id
7206,Kabupaten Toli-Toli,BPS Kabupaten Tolitoli,"Jl. Magamu No. 111, Kel. Tuweley, Tolitoli 94515",Telp (0453) 21351,bps7206@bps.go.id,https://tolitolikab.bps.go.id
7207,Kabupaten Buol,BPS Kabupaten Buol,"Jl. Dr. Wahidin Sudirohusodo No. 15, Buol 94563",Telp/Fax. (0445) 211396,bps7207@bps.go.id,https://buolkab.bps.go.id
7208,Kabupaten Parigi Moutong,BPS Kabupaten Parigi Moutong,Jl. Pakabata Komplek Perkantoran Bambalemo Parigi 94371,Telp (0450) 2700245 Fax. (0450) 21897,bps7208@bps.go.id,https://parigimoutongkab.bps.go.id
7209,Kabupaten Tojo Una-Una,BPS Kabupaten Tojo Una-Una,"Jl. Lala Rato No. 1 Desa Uemalingku, Ampana Kota, Ampana 94683",Telp (0464) 22251 Fax. (0464) 22252,bps7209@bps.go.id,https://tojounakab.bps.go.id
7210,Kabupaten Sigi,BPS kabupaten Sigi,Jalan Trans Palu-Palolo Kecematan Sigi Biromaru Desa Bora,,bps7210@bps.go.id,https://sigikab.bps.go.id
,Kabupaten Banggai Laut,,,,,https://banggailautkab.bps.go.id
7203,Kabupaten Morowali Utara,BPS Morowali Utara,"Kompleks Perkantooran Fonuasingko, Morowali 94973",Telp (0409) 2220096,bps7203@bps.go.id,https://morowaliutarakab.bps.go.id
7271,Kota Palu,BPS Kota Palu,Jl. Baruga No. 19 Palu – Selawesi Tngah 94234,Telp (0451) 422066 Fax (0451) 421266,bps7271@bps.go.id,https://palukota.bps.go.id
7301,Kabupaten Kepulauan Selayar,BPS Kab.Selayar,"Jl. RE Martadinata No. 5, Benteng Selayar 92812",Telp (0414) 21037,bps7301@bps.go.id,https://selayarkab.bps.go.id
7302,Kabupaten Bulukumba,BPS Kab. Bulukumba,Jl. Jendral Ahmad Yani No. 18 Bulukumba 92512,Telp (0413) 81090 Faks. (0413) 85001,bps7302@bps.go.id,https://bulukumbakab.bps.go.id
7303,Kabupaten Bantaeng,BPS Kabupaten Bantaeng,"Jl. Merpati No. 19, Bantaeng 92411",Telp (0413) 21072,bps7303@bps.go.id,https://bantaengkab.bps.go.id
7304,Kabupaten Jeneponto,BPS Kabupaten Jeneponto,Jl. Pelita No. 58 Bontosunggu 92311,Telp/Faks. (0419) 22256,bps7304@bps.go.id,https://jenepontokab.bps.go.id
7305,Kabupaten Takalar,BPS Kabupaten Takalar,Jl. Syech Yusuf No. 5 Takalar,Telp (0418) 21435 Faks. (0418) 21011,bps7305@bps.go.id,https://takalarkab.bps.go.id
7306,Kabupaten Gowa,BPS Kabupaten Gowa,Jl. Mesjid Raya No. 36 Sungguminasa 92111,Telp/Fax (0411) 883395,bps7306@bps.go.id,https://gowakab.bps.go.id
7307,Kabupaten Sinjai,BPS Kabupaten Sinjai,Jl. Persatuan Raya No. 123 Sinjai 92611,Telp (0482) 21048,bps7307@bps.go.id,https://sinjaikab.bps.go.id
7308,Kabupaten Maros,BPS Kabupaten Maros,"Jl. Jendral Sudirman Kab. Maros, Selawesi Selatan",Telp/Faks. (0411) 38735505,bps7308@bps.go.id,https://maroskab.bps.go.id
7309,Kabupaten Pangkajene Dan Kepulauan,BPS Kabupaten Pangkajene dan Kepulauan,Jl. Sultan Hasanuddin No.36 Pangkajene 90611,Telp (0410) 21074,bps7309@bps.go.id,https://pangkepkab.bps.go.id
7310,Kabupaten Barru,BPS Kabupaten Barru,Jl. Sultan Hasanuddin No.93 Barru 90711,"Telp (0427) 21020, 21297 Faks (0427) 21020",bps7310@bps.go.id,https://barrukab.bps.go.id
7311,Kabupaten Bone,BPS Kabupaten Bone,Jl. Dr. Wahidin Sudirohusodo No. 4 Watampone 92732,Telp (0481) 21054 Fax. (0481) 25220,bps7311@bps.go.id,https://bonekab.bps.go.id
7312,Kabupaten Soppeng,BPS Kabupaten Soppeng,Jl. Salotungo Watansoppeng No. 127 90812,Telp (0484) 21060 Faks. (0484) 23377,bps7312@bps.go.id,https://soppengkab.bps.go.id
7313,Kabupaten Wajo,BPS Kabupaten Wajo,"Jl. Veteran No. 2, Sengkang 90913",Telp/Fax. (0485) 21071,bps7313@bps.go.id,https://wajokab.bps.go.id
7314,Kabupaten Sidenreng Rappang,BPS Kabupaten Sidenreng Rappang,Jl. Jend. Sudirman No. 125 Pangkajene 91611,"Telp (0421) 384115, 3842508, 3810291",bps7314@bps.go.id,https://sidrapkab.bps.go.id
7315,Kabupaten Pinrang,BPS Kabupaten Pinrang,Jl. Andi Isa No. 18 Pinrang 91211,Telp (0421) 921021 Fax. (0421) 3912253,bps7315@bps.go.id,https://pinrangkab.bps.go.id
7316,Kabupaten Enrekang,BPS Kabupaten Enrekang,"Jl. Sultan Hasanuddin Poros Enrekang-Toraja Km. 2, Kel. Puserren Kec. Enrekang, Kab. Enrekang 91713",,bps7316@bps.go.id,https://enrekangkab.bps.go.id
7317,Kabupaten Luwu,BPS Kabupaten Luwu,Jl. Jenderal Sudirman Komp. Perkantoran Pemkab Luwu 91994,Telp (0471) 3316056,bps7317@bps.go.id,https://luwukab.bps.go.id
7318,Kabupaten Tana Toraja,BPS Kabupaten Tana Toraja,"Jl. Tongkongan Ada, Makale, Tana Toraja",Telp (0423) 24150 Faks. (0423) 24150,bps7318@bps.go.id,https://tatorkab.bps.go.id
7322,Kabupaten Luwu Utara,BPS Kabupaten Luwu Utara,Jl.Simpurusiang (Komp. Perkantoran PEMDA Masamba),Telp (0473) 21034,bps7322@bps.go.id,https://luwuutarakab.bps.go.id
7325,Kabupaten Luwu Timur,BPS Kabupaten Luwu Timur,"JI. Soekarno Hatta (Kompleks Perkantoran Pemda Luwu Timur), Puncak Indah Malili",Telp (0474) 3220038,bps7325@bps.go.id,https://luwutimurkab.bps.go.id
7326,Kabupaten Toraja Utara,BPS Kabupaten Toraja Utara,Jl. Ahmad Yani No. 64 Rantepao 91852,Telp/Faks. (0423) 21262,bps7326@bps.go.id,https://torutkab.bps.go.id
7371,Kota Makassar,BPS Kota Makassar,"Jl. Prof. Abdurah,am Basalamah I 90231 Indonesia",Telp/Fax. (0411) 442698,bps7371@bps.go.id,https://makassarkota.bps.go.id
7372,Kota Parepare,BPS Kota Pare-pare,Jl. Jend. Sudirman No. 66 Parepare 91122,Telp (0421) 22766 Fax (0411) 434781,bps7372@bps.go.id,https://pareparekota.bps.go.id
7373,Kota Palopo,BPS Kota Palopo,"Jl. Patang II No. 24, Palopo 91923",Telp/Fax. (0471) 21129,bps7373@bps.go.id,https://palopokota.bps.go.id
7401,Kabupaten Buton,BPS Kabupaten Buton,"Jl. Protokol Saragih, Kel Saragi, Pasar Wajo",,bps7401@bps.go.id,https://butonkab.bps.go.id
7402,Kabupaten Muna,BPS Kabupaten Muna,Jl. Jati No. 24 Raha 93612,Telp/Fax. (0403) 2521310,bps7402@bps.go.id,https://munakab.bps.go.id
7403,Kabupaten Konawe,BPS Kabupaten Konawe,"Jl. Kompleks Perkantoran Pemda Kabupaten Konawe, Jl. Inolobunggadue II, Kel. Puunaaha, Unaaha 93411",Telp/Fax (0408) 2421019,bps7403@bps.go.id,https://konawekab.bps.go.id
7404,Kabupaten Kolaka,BPS Kabupaten Kolaka,"Jl. Pahlawan No. 75 Kel. Lamokato, Kolaka 93516",Telp/Fax. (0405) 2321031,bps7404@bps.go.id,https://kolakakab.bps.go.id
7405,Kabupaten Konawe Selatan,BPS Kabupaten Konawe Selatan,"Komplek Perkantoran Pemda Kabupaten Konawe Selatan, Jl. Poros 60 Andolo 93811",,bps7405@bps.go.id,https://konselkab.bps.go.id
7406,Kabupaten Bombana,BPS Kabupaten Bombana,Jl. Tampobatu Kel. Lameroro Kec. Rumbia 93771,,bps7406@bps.go.id,https://bombanakab.bps.go.id
7407,Kabupaten Wakatobi,BPS Kabupaten Wakatobi,"Jl. Utudae Samad No. 25, Kelurahan Mandari III, Kec. Wangi-Wangi Selatan, Kab. Wakatobi, Sulawesi Tenggara",Telp/Fax. (0404) 2222003,bps7407@bps.go.id,https://wakatobikab.bps.go.id
7408,Kabupaten Kolaka Utara,BPS Kabupaten Kolaka Utara,"Jl. Protokol Poros Kantor DPRD, Kel. Lasusua, Lasusua 93553",,bps7408@bps.go.id,https://kolutkab.bps.go.id
7409,Kabupaten Buton Utara,BPS Kabupaten Buton Utara,"Jl. Kompleks Perkantoran Bumi, Kabupaten Buton Utara",,bps7409@bps.go.id,https://buturkab.bps.go.id
7410,Kabupaten Konawe Utara,BPS Kabupaten Konawe Utara,"Jl. Trans Sulawesi Kel. Wanggudu, Asera 93353",,bps7410@bps.go.id,https://konutkab.bps.go.id
7411,Kabupaten Kolaka Timur,BPS Kabupaten Kolaka Timur,Jl. Pahlawan No. 75,,bps7404@bps.go.id,https://koltimkab.bps.go.id
7403,Kabupaten Konawe Kepulauan,BPS Kabupaten Konawe,"Jl. Kompleks Perkantoran Pemda Kabupaten Konawe, Jl. Inolobunggadue II, Kel. Puunaaha, Unaaha 93411",Telp/Fax (0408) 2421019,bps7403@bps.go.id,https://konkepkab.bps.go.id
,Kabupaten Muna Barat,,,,,https://munbarkab.bps.go.id
7414,Kabupaten Buton Tengah,BPS Kabupaten Buton Tengah,Jl. Protokol Kel. Saragi Kec. Pasarwajo Kab. Buton,,bps7401@bps.go.id,https://butengkab.bps.go.id
7415,Kabupaten Buton Selatan,BPS Kabupaten Buton Selatan,Jl. Protokol Kel. Saragi Kec. Pasarwajo Kab. Buton,,bps7401@bps.go.id,https://buselkab.bps.go.id
7471,Kota Kendari,BPS Kota Kendari,Jl. Balai Kota II No. 97 Kendari 93117,Telp/Fax. (0401) 3121776,bps7471@bps.go.id,https://kendarikota.bps.go.id
7472,Kota Baubau,BPS Kota Bau-Bau,Jl. Murhum No. 52 Bau-Bau 93726,Telp/Fax. (0402) 2821277,bps7472@bps.go.id,https://baubaukota.bps.go.id
7501,Kabupaten Boalemo,BPS Kabupaten Boalemo,"Jl. Trans Sulawesi Desa Lamu, Kecamatan Tilamuta Kabupaten Boalemo",Telp (0435) 881435,bps7501@bps.go.id,https://boalemokab.bps.go.id
7502,Kabupaten Gorontalo,BPS Kabupaten Gorontalo,"Jl. Samaun Pulubuhu, Kelurahan Tenilo, Kecamatan Limboto, Kabupaten Gorontalo",Telp (0435) 881435,bps7502@bps.go.id,https://gorontalokab.bps.go.id
7503,Kabupaten Pohuwato,BPS Kabupaten Pohuwato,"Jl. P. Diponegoro, Kompleks Blok Plan Perkantoran Marisa, Kab. Pohuwato Gorontalo 96266",Telp (0443) 210527,bps7503@bps.go.id,https://pohuwatokab.bps.go.id
7504,Kabupaten Bone Bolango,BPS Kabupaten Bone Bolango,Jalan Prof. DR. Ing BJ Habibie Desa Moutong Kec. Tilongkabila,Telp (0435) 8591599,bps7504@bps.go.id,https://bonebolangokab.bps.go.id
7505,Kabupaten Gorontalo Utara,BPS Kabupaten Gorontalo Utara,"Jl. Kusnodanupojo, Desa Mootinelo, Kecamatan Kwandang",Telp (0435) 834596 Fax. (0435) 834597,bps7505@bps.go.id,https://gorontaloutarakab.bps.go.id
7571,Kota Gorontalo,BPS Kota Gorontalo,"Jalan Dewi Sartika No. 21, Kota Tengah, Kota Gorontalo",Telp (0435) 821956,bps7571@bps.go.id,https://gorontalokota.bps.go.id
7601,Kabupaten Majene,BPS Kabupaten Majene,"JL. JEND AHMAD YANI, KEL RANGAS, KEC BANGGAE",,bps7601@bps.go.id,https://majenekab.bps.go.id
7602,Kabupaten Polewali Mandar,BPS Kabupaten Polewali Mandar,"JL. TRITURA, POLEWALI MANDAR 91315",Telp. (0428) 21406 Fax. (0428) 21406,bps7602@bps.go.id,https://polewalimandarkab.bps.go.id
7603,Kabupaten Mamasa,BPS Kabupaten Mamasa,"JL. POROS BANGGO - BUNTU KASISI, OSANGO",Telp. (0428) 2841045 Fax. (0428) 2841045,bps7603@bps.go.id,https://mamasakab.bps.go.id
7604,Kabupaten Mamuju,BPS Kabupaten Mamuju,"JL. TRANS SULAWESI, KEL MAMUNYU, MAMUJU 91511",,bps7604@bps.go.id,https://mamujukab.bps.go.id
7605,Kabupaten Pasangkayu,BPS Kabupaten Mamuju Utara,"JL IR SOEKARNO, PASANGKAYU 91571",,bps7605@bps.go.id,https://pasangkayukab.bps.go.id
,Kabupaten Mamuju Tengah,,,,,https://mamujutengahkab.bps.go.id
8101,Kabupaten Maluku Tenggara Barat,BPS Kabupaten Maluku Tenggara Barat,Jl. Ir. Soekarno – Saumlaki,Telp/Fax. (0918) 21495,bps8101@bps.go.id,https://mtbkab.bps.go.id
8102,Kabupaten Maluku Tenggara,BPS Kabupaten Maluku Tenggara,Jl. Soekarno hatta Ohoijang - Langgur 97611,Telp/Fax. (0916) 21348,bps8102@bps.go.id,https://malukutenggarakab.bps.go.id
8103,Kabupaten Maluku Tengah,BPS Kabupaten Maluku Tengah,"Jl. R.A. Kartini No. 15, Kel. Namaelo, Kec. Kota Masohi 97512",Telp/Fax. (0914) 21561,bps8103@bps.go.id,https://malukutengahkab.bps.go.id
8104,Kabupaten Buru,BPS Kabupaten Buru,"Jl. Sultan Baabullah No. 1 – Namlea 97571, Kabupaten Buru",Telp/Fax. (0913) 21778,bps8104@bps.go.id,https://burukab.bps.go.id
8105,Kabupaten Kepulauan Aru,BPS Kabupaten Kepulauan Aru,Jl. Pemda I – Dobo,Telp/Fax. (0917) 21696,bps8105@bps.go.id,https://keparukab.bps.go.id
8106,Kabupaten Seram Bagian Barat,BPS Kabupaten Seram Bagian Barat,Jl. Neniari – Seram Barat,Telp/Fax. (0911) 362389,bps8106@bps.go.id,https://sbbkab.bps.go.id
8107,Kabupaten Seram Bagian Timur,BPS Kab. Seram Bagian Timur,"Jl. Air Kabur-Kabur Bula, Seram Bagian Timur",Telp/Fax. (0915) 21116,bps8107@bps.go.id,https://sbtkab.bps.go.id
8108,Kabupaten Maluku Barat Daya,BPS Kabupaten Maluku Barat Daya,"Jl. Marrouw No. 50 Abusur – Wonreli, Kel. Tiakur, Kec. Moa, Kabupaten Maluku Barat Daya",,bps8108@bps.go.id,https://malukubaratdayakab.bps.go.id
8109,Kabupaten Buru Selatan,BPS Kabupaten Buru Selatan,"Jl. Rehen Sap. Raja Fogi, Kamlanglale, Namrole, Buru Selatan",,bps8109@bps.go.id,https://burselkab.bps.go.id
8171,Kota Ambon,BPS Kota Ambon,"Jl. Haruhun, Karang Panjang Komp. Puleh, Kel. Waihakota, Kec. Sirimau, Ambon 97121",Telp (0911) 312421 Fax. (0911) 352774,bps8171@bps.go.id,https://ambonkota.bps.go.id
,Kota Tual,,,,,https://tualkota.bps.go.id
8201,Kabupaten Halmahera Barat,BPS Kabupaten Halmahera Barat,"Jl. Mohammad Hatta, Desa Hatebicara, Jailolo Maluku Utara 97752",Telp (0922) 2221572 Fax. (0922) 2221429,bps8201@bps.go.id,https://halbarkab.bps.go.id
8202,Kabupaten Halmahera Tengah,BPS Kabupaten Halmahera Tengah,"Jl. Weda-Payahe, Halmahera Tengah, Maluku Utara",,bps8202@bps.go.id,https://haltengkab.bps.go.id
8203,Kabupaten Kepulauan Sula,BPS Kabupaten Kepulauan Sula,"Jl. Yos Sudarso Km 10, Desa Pohea, Kec. Sanana Utara, Kepulauan Sula – Maluku Utara, 97795",,bps8203@bps.go.id,https://kepsulkab.bps.go.id
8204,Kabupaten Halmahera Selatan,BPS Kabupaten Halmahera Selatan,"Jl. Karet Putih, Labuha 97791",,bps8204@bps.go.id,https://halmaheraselatankab.bps.go.id
8205,Kabupaten Halmahera Utara,BPS Kabupaten Halmahera Utara,"Jl. Kawasan Perkantoran Pemda Halut, MKCM, Tobelo, Halmahera Utara",Telp/Fax. (0924) 22439,bps8205@bps.go.id,https://halutkab.bps.go.id
8206,Kabupaten Halmahera Timur,BPS Kabupaten Halmahera Timur,"Jl. Trans Halmahera Soagimalaha, Kota Maba",,bps8206@bps.go.id,https://haltimkab.bps.go.id
,Kabupaten Pulau Morotai,,,,,https://morotaikab.bps.go.id
,Kabupaten Pulau Taliabu,,,,,https://taliabukab.bps.go.id
8271,Kota Ternate,BPS Kota Ternate,"Gg. Arrahma RT 004/RW 03, Lingk. Falajawa II, Kel. Bastiong Karance, Kec Ternate Selatan – Kota Ternate",Telp (0921) 3121650,bps8271@bps.go.id,https://ternatekota.bps.go.id
8272,Kota Tidore Kepulauan,BPS Kota Tidore Kepulauan,"Jl. Sultan Syaifuddin, Kel. Gamtufkange Soasio, Tidore",Telp (0921) 3161030 Fax. (0921) 3161629,bps8272@bps.go.id,https://tikepkota.bps.go.id
9101,Kabupaten Fakfak,BPS Kabupaten Fakfak,Jl. DPRD No.1 Fak-Fak,Telp (0956) 25110 Fax. (0956) 25110,bps9101@bps.go.id,https://fakfakkab.bps.go.id
9102,Kabupaten Kaimana,BPS Kabupaten Kaimana,Jl. Casuarina No. 11 Kaimana – Papua Barat,Telp (0957) 21662,bps9102@bps.go.id,https://kaimanakab.bps.go.id
9104,Kabupaten Teluk Wondama,BPS Kabupaten Teluk Wondama,"Kompleks Perkantoran Pemda Teluk Wondama, Jl. Rasiey- Wasior 98362",,bps9104@bps.go.id,https://telukwondamakab.bps.go.id
9103,Kabupaten Teluk Bintuni,BPS Kabupaten Teluk Bintuni,Jl. Bintuni Raya KM. 04 Wesiri Teluk Bintuni,,bps9103@bps.go.id,https://telukbintunikab.bps.go.id
9105,Kabupaten Manokwari,BPS Kabupaten Manokwari,"Jl. Percetakan Negara, Kabupaten Manokwari, Provinsi Papua Barat",Telp (0986) 214960 Fax. (0986) 211143,bps9105@bps.go.id,https://manokwarikab.bps.go.id
9106,Kabupaten Sorong Selatan,BPS Kabupaten Sorong Selatan,"Kompleks Pemda Kabupaten Sorong Selatan, Jalan Teminabuan-Ayamaru, Teminabuan – Sorong Selatan",,bps9106@bps.go.id,https://sorongselatankab.bps.go.id
9107,Kabupaten Sorong,BPS Kabupaten Sorong,"Jl. Basuki Rahmat Km.13,5 Klasaman Sorong",Telp (0951) 321072 Fax. (0951) 335485,bps9107@bps.go.id,https://sorongkab.bps.go.id
9108,Kabupaten Raja Ampat,BPS Kabupaten Raja Ampat,"Jl. Jend. Ahmad Yani, Kota Waisai, Raja Ampat – Papua Barat",,bps9108@bps.go.id,https://rajaampatkab.bps.go.id
9109,Kabupaten Tambrauw,BPS Kabupaten Tambrauw,"Jln. Basuki Rahmat Km. 13.5, Sorong, Papua Barat 98315",Telp (62-951) 335485 Faks (62-951) 335901,bps9107@bps.go.id,https://tambrauwkab.bps.go.id
9110,Kabupaten Maybrat,BPS Kabupaten Maybrat,"Kompleks PEMDA Kabupaten Sorong Selatan, Jalan Teminabuan-Ayamaru, Teminabuan - Sorong Selatan",,bps9106@bps.go.id,https://maybratkab.bps.go.id
,Kabupaten Manokwari Selatan,,,,,https://manokwariselatankab.bps.go.id
,Kabupaten Pegunungan Arfak,,,,,https://pegununganarfakkab.bps.go.id
9171,Kota Sorong,BPS Kota Sorong,"Jl. Merpati No. 7, Kelurahan Remu Utara, Kota Sorong, Papua Barat",Telp (0951) 333628,bps9171@bps.go.id,https://sorongkota.bps.go.id
9401,Kabupaten Merauke,BPS Kabupaten Merauke,JL. R. E. MARTADINATA NO. 2 MERAUKE 99611,Telp. (0971) 3330883,bps9401@bps.go.id,https://meraukekab.bps.go.id
9402,Kabupaten Jayawijaya,BPS Kabupaten Jayawijaya,"JL. DIPONEGORO NO. 25 WAMENA, KAB. JAYAWIJAYA 99551","Telp. (0969) 31253, 31555 Fax. (0969) 31555",bps9402@bps.go.id,https://jayawijayakab.bps.go.id
9403,Kabupaten Jayapura,BPS Kabupaten Jayapura,"JL. SENTANI - DEPAPRE, KOMPLEK KANTOR BUPATI GUNUNG MERAH, SENTANI 99352",Telp. (0967) 5191330,bps9403@bps.go.id,https://jayapurakab.bps.go.id
9404,Kabupaten Nabire,BPS Kabupaten Nabire,"JL. PEPERA NO. 18, NABIRE 99815","Telp. (0984) 21026, 24235",bps9404@bps.go.id,https://nabirekab.bps.go.id
9408,Kabupaten Kepulauan Yapen,BPS Kabupaten Kepulauan Yapen,"JL. SUMATRA NO. 10, SERUI 98211",Telp. (0983) 31624 Fax. (0983) 31224,bps9408@bps.go.id,https://kepulauanyapenkab.bps.go.id
9409,Kabupaten Biak Numfor,BPS Kabupaten Biak Numfor,"JL. MAJAPAHIT NO. 8, BIAK 98118",Telp. (0981) 21994 Fax. (0981) 21994,bps9409@bps.go.id,https://biaknumforkab.bps.go.id
9410,Kabupaten Paniai,BPS Kabupaten Paniai,"KOMPLEKS PERKANTORAN MADI, PANIAI TIMUR, PANIAI 98700",Telp. (0984) 22226,bps9410@bps.go.id,https://paniaikab.bps.go.id
9411,Kabupaten Puncak Jaya,BPS Kabupaten Puncak Jaya,"JL. PAPUA, DISTRIK PAGALEME, KAMPUNG KULOK ENGGAME, MULIA 98911",,bps9411@bps.go.id,https://puncakjayakab.bps.go.id
9412,Kabupaten Mimika,BPS Kabupaten Mimika,"JL. HASANUDDIN NO. 01, KEL. SEMPAN, DISTRIK MIMIKA BARU, MIMIKA 99910",,bps9412@bps.go.id,https://mimikakab.bps.go.id
9413,Kabupaten Boven Digoel,BPS Kabupaten Boven Digoel,"JL. TRANS PAPUA KM. 2 ARAH ASIKI, TANAH MERAH, BOVEN DIGOEL 99663",,bps9413@bps.go.id,https://bovendigoelkab.bps.go.id
9414,Kabupaten Mappi,BPS Kabupaten Mappi,"JL. POROS AGHAM KM. 5, KEPI 99871",,bps9414@bps.go.id,https://mappikab.bps.go.id
9415,Kabupaten Asmat,BPS Kabupaten Asmat,"JL. SAFAN NO. 1, BIS AGATS, AGATS, ASMAT 99777",,bps9415@bps.go.id,https://asmatkab.bps.go.id
9416,Kabupaten Yahukimo,BPS Kabupaten Yahukimo,"JL. YAHULI, SUMOHAI, DEKAI 99571",,bps9416@bps.go.id,https://yahukimokab.bps.go.id
9417,Kabupaten Pegunungan Bintang,BPS Kabupaten Pegunungan Bintang,"KAMPUNG DABOLDING, DISTRIK KOLOMDOL, PEGUNUNGAN BINTANG 99573",,bps9417@bps.go.id,https://pegununganbintangkab.bps.go.id
9418,Kabupaten Tolikara,BPS Kabupaten Tolikara,"JL. KOTA BARU KAMPUNG GURIKME, DISTRIK KARUBAGA, TOLIKARA 99411",,bps9418@bps.go.id,https://tolikarakab.bps.go.id
9419,Kabupaten Sarmi,BPS Kabupaten Sarmi,"JL. KOTA BARU PETAM, SARMI 99373",,bps9419@bps.go.id,https://sarmikab.bps.go.id
9420,Kabupaten Keerom,BPS Kabupaten Keerom,"JL. POROS ARSO II, DESA YUWANAIN, DISTRIK ARSO 99468",,bps9420@bps.go.id,https://keeromkab.bps.go.id
9426,Kabupaten Waropen,BPS Kabupaten Waropen,"JL. POROS SP V, RONGGAIWA, UREI FASEI, KAB. WAROPEN 98261",,bps9426@bps.go.id,https://waropenkab.bps.go.id
9427,Kabupaten Supiori,BPS Kabupaten Supiori,"JL. SORENDIWERI, KORIDO, SUPIORI TIMUR, 98161",,bps9427@bps.go.id,https://supiorikab.bps.go.id
,Kabupaten Mamberamo Raya,,,,,https://mamberamorayakab.bps.go.id
,Kabupaten Nduga,,,,,https://ndugakab.bps.go.id
,Kabupaten Lanny Jaya,,,,,https://lannyjayakab.bps.go.id
,Kabupaten Mamberamo Tengah,,,,,https://mamberamotengahkab.bps.go.id
,Kabupaten Yalimo,,,,,https://yalimokab.bps.go.id
9433,Kabupaten Puncak,BPS Kabupaten Puncak,"KAMPUNG KIMAK, DISTRIK ILAGA 98972",,bps9433@bps.go.id,https://puncakkab.bps.go.id
,Kabupaten Dogiyai,,,,,https://dogiyaikab.bps.go.id
,Kabupaten Intan Jaya,,,,,https://intanjayakab.bps.go.id
,Kabupaten Deiyai,,,,,https://deiyaikab.bps.go.id
9471,Kota Jayapura,BPS Kota Jayapura,JL. DEWI SARTIKA NO. 2 KOTA JAYAPURA 99351,Telp. (0967) 581336 Fax. (0967) 581336,bps9471@bps.go.id,https://jayapurakota.bps.go.id
